[09-Sep-2026 07:30:24 UTC] PHP Warning:  Undefined variable $widgets_manager in C:\laragon\www\mindu\wp-content\plugins\mindu-core\widgets\header-search.php on line 257
[09-Sep-2026 07:30:24 UTC] PHP Warning:  Undefined variable $widgets_manager in C:\laragon\www\mindu\wp-content\plugins\mindu-core\widgets\header-search.php on line 257
[09-Sep-2026 07:30:24 UTC] PHP Warning:  Undefined variable $widgets_manager in C:\laragon\www\mindu\wp-content\plugins\mindu-core\widgets\header-search.php on line 257
[09-Sep-2026 07:30:24 UTC] PHP Fatal error:  Uncaught Error: Call to a member function register() on null in C:\laragon\www\mindu\wp-content\plugins\mindu-core\widgets\header-search.php:257
Stack trace:
#0 C:\laragon\www\mindu\wp-content\plugins\mindu-core\mindu-core.php(48): require_once()
#1 C:\laragon\www\mindu\wp-includes\class-wp-hook.php(353): register_hello_world_widget(Object(Elementor\Widgets_Manager))
#2 C:\laragon\www\mindu\wp-includes\class-wp-hook.php(377): WP_Hook->apply_filters(NULL, Array)
#3 C:\laragon\www\mindu\wp-includes\plugin.php(523): WP_Hook->do_action(Array)
#4 C:\laragon\www\mindu\wp-content\plugins\elementor\includes\managers\widgets.php(159): do_action('elementor/widge...', Object(Elementor\Widgets_Manager))
#5 C:\laragon\www\mindu\wp-content\plugins\elementor\includes\managers\widgets.php(358): Elementor\Widgets_Manager->init_widgets()
#6 C:\laragon\www\mindu\wp-content\plugins\elementor\includes\elements\container.php(347): Elementor\Widgets_Manager->get_widget_types('mindu-hero')
#7 C:\laragon\www\mindu\wp-content\plugins\elementor\includes\base\element-base.php(1547): Elementor\Includes\Elements\Container->_get_default_child_type(Array)
#8 C:\laragon\www\mindu\wp-content\plugins\elementor\includes\base\element-base.php(399): Elementor\Element_Base->get_child_type(Array)
#9 C:\laragon\www\mindu\wp-content\plugins\elementor\includes\base\element-base.php(1592): Elementor\Element_Base->add_child(Array)
#10 C:\laragon\www\mindu\wp-content\plugins\elementor\includes\base\element-base.php(324): Elementor\Element_Base->init_children()
#11 C:\laragon\www\mindu\wp-content\plugins\elementor\includes\base\element-base.php(656): Elementor\Element_Base->get_children()
#12 C:\laragon\www\mindu\wp-content\plugins\elementor\core\base\document.php(1120): Elementor\Element_Base->get_raw_data(true)
#13 C:\laragon\www\mindu\wp-content\plugins\elementor\core\base\document.php(755): Elementor\Core\Base\Document->get_elements_raw_data(Array, true)
#14 C:\laragon\www\mindu\wp-content\plugins\elementor\includes\base\controls-stack.php(1071): Elementor\Core\Base\Document->get_initial_config()
#15 C:\laragon\www\mindu\wp-content\plugins\elementor\core\editor\loader\common\editor-common-scripts-settings.php(40): Elementor\Controls_Stack->get_config()
#16 C:\laragon\www\mindu\wp-content\plugins\elementor\core\editor\loader\v2\editor-v2-loader.php(177): Elementor\Core\Editor\Loader\Common\Editor_Common_Scripts_Settings::get()
#17 C:\laragon\www\mindu\wp-content\plugins\elementor\core\editor\editor.php(357): Elementor\Core\Editor\Loader\V2\Editor_V2_Loader->enqueue_scripts()
#18 C:\laragon\www\mindu\wp-includes\class-wp-hook.php(353): Elementor\Core\Editor\Editor->enqueue_scripts('')
#19 C:\laragon\www\mindu\wp-includes\class-wp-hook.php(377): WP_Hook->apply_filters('', Array)
#20 C:\laragon\www\mindu\wp-includes\plugin.php(523): WP_Hook->do_action(Array)
#21 C:\laragon\www\mindu\wp-includes\script-loader.php(2340): do_action('wp_enqueue_scri...')
#22 C:\laragon\www\mindu\wp-includes\class-wp-hook.php(353): wp_enqueue_scripts('')
#23 C:\laragon\www\mindu\wp-includes\class-wp-hook.php(377): WP_Hook->apply_filters('', Array)
#24 C:\laragon\www\mindu\wp-includes\plugin.php(523): WP_Hook->do_action(Array)
#25 C:\laragon\www\mindu\wp-includes\general-template.php(3413): do_action('wp_head')
#26 C:\laragon\www\mindu\wp-content\plugins\elementor\includes\editor-templates\editor-wrapper.php(35): wp_head()
#27 C:\laragon\www\mindu\wp-content\plugins\elementor\core\editor\loader\v2\editor-v2-loader.php(227): include('C:\\laragon\\www\\...')
#28 C:\laragon\www\mindu\wp-content\plugins\elementor\core\editor\editor.php(162): Elementor\Core\Editor\Loader\V2\Editor_V2_Loader->print_root_template()
#29 C:\laragon\www\mindu\wp-includes\class-wp-hook.php(353): Elementor\Core\Editor\Editor->init('')
#30 C:\laragon\www\mindu\wp-includes\class-wp-hook.php(377): WP_Hook->apply_filters('', Array)
#31 C:\laragon\www\mindu\wp-includes\plugin.php(523): WP_Hook->do_action(Array)
#32 C:\laragon\www\mindu\wp-admin\admin.php(429): do_action('admin_action_el...')
#33 C:\laragon\www\mindu\wp-admin\post.php(12): require_once('C:\\laragon\\www\\...')
#34 {main}
  thrown in C:\laragon\www\mindu\wp-content\plugins\mindu-core\widgets\header-search.php on line 257
[09-Sep-2026 07:30:24 UTC] PHP Fatal error:  Uncaught Error: Call to a member function register() on null in C:\laragon\www\mindu\wp-content\plugins\mindu-core\widgets\header-search.php:257
Stack trace:
#0 C:\laragon\www\mindu\wp-content\plugins\mindu-core\mindu-core.php(48): require_once()
#1 C:\laragon\www\mindu\wp-includes\class-wp-hook.php(353): register_hello_world_widget(Object(Elementor\Widgets_Manager))
#2 C:\laragon\www\mindu\wp-includes\class-wp-hook.php(377): WP_Hook->apply_filters(NULL, Array)
#3 C:\laragon\www\mindu\wp-includes\plugin.php(523): WP_Hook->do_action(Array)
#4 C:\laragon\www\mindu\wp-content\plugins\elementor\includes\managers\widgets.php(159): do_action('elementor/widge...', Object(Elementor\Widgets_Manager))
#5 C:\laragon\www\mindu\wp-content\plugins\elementor\includes\managers\widgets.php(358): Elementor\Widgets_Manager->init_widgets()
#6 C:\laragon\www\mindu\wp-content\plugins\elementor\includes\elements\container.php(347): Elementor\Widgets_Manager->get_widget_types('mindu-hero')
#7 C:\laragon\www\mindu\wp-content\plugins\elementor\includes\base\element-base.php(1547): Elementor\Includes\Elements\Container->_get_default_child_type(Array)
#8 C:\laragon\www\mindu\wp-content\plugins\elementor\includes\base\element-base.php(399): Elementor\Element_Base->get_child_type(Array)
#9 C:\laragon\www\mindu\wp-content\plugins\elementor\includes\base\element-base.php(1592): Elementor\Element_Base->add_child(Array)
#10 C:\laragon\www\mindu\wp-content\plugins\elementor\includes\base\element-base.php(324): Elementor\Element_Base->init_children()
#11 C:\laragon\www\mindu\wp-content\plugins\elementor\includes\base\element-base.php(656): Elementor\Element_Base->get_children()
#12 C:\laragon\www\mindu\wp-content\plugins\elementor\core\base\document.php(1120): Elementor\Element_Base->get_raw_data(true)
#13 C:\laragon\www\mindu\wp-content\plugins\elementor\core\base\document.php(755): Elementor\Core\Base\Document->get_elements_raw_data(Array, true)
#14 C:\laragon\www\mindu\wp-content\plugins\elementor\includes\base\controls-stack.php(1071): Elementor\Core\Base\Document->get_initial_config()
#15 C:\laragon\www\mindu\wp-content\plugins\elementor\core\editor\loader\common\editor-common-scripts-settings.php(40): Elementor\Controls_Stack->get_config()
#16 C:\laragon\www\mindu\wp-content\plugins\elementor\core\editor\loader\v2\editor-v2-loader.php(177): Elementor\Core\Editor\Loader\Common\Editor_Common_Scripts_Settings::get()
#17 C:\laragon\www\mindu\wp-content\plugins\elementor\core\editor\editor.php(357): Elementor\Core\Editor\Loader\V2\Editor_V2_Loader->enqueue_scripts()
#18 C:\laragon\www\mindu\wp-includes\class-wp-hook.php(353): Elementor\Core\Editor\Editor->enqueue_scripts('')
#19 C:\laragon\www\mindu\wp-includes\class-wp-hook.php(377): WP_Hook->apply_filters('', Array)
#20 C:\laragon\www\mindu\wp-includes\plugin.php(523): WP_Hook->do_action(Array)
#21 C:\laragon\www\mindu\wp-includes\script-loader.php(2340): do_action('wp_enqueue_scri...')
#22 C:\laragon\www\mindu\wp-includes\class-wp-hook.php(353): wp_enqueue_scripts('')
#23 C:\laragon\www\mindu\wp-includes\class-wp-hook.php(377): WP_Hook->apply_filters('', Array)
#24 C:\laragon\www\mindu\wp-includes\plugin.php(523): WP_Hook->do_action(Array)
#25 C:\laragon\www\mindu\wp-includes\general-template.php(3413): do_action('wp_head')
#26 C:\laragon\www\mindu\wp-content\plugins\elementor\includes\editor-templates\editor-wrapper.php(35): wp_head()
#27 C:\laragon\www\mindu\wp-content\plugins\elementor\core\editor\loader\v2\editor-v2-loader.php(227): include('C:\\laragon\\www\\...')
#28 C:\laragon\www\mindu\wp-content\plugins\elementor\core\editor\editor.php(162): Elementor\Core\Editor\Loader\V2\Editor_V2_Loader->print_root_template()
#29 C:\laragon\www\mindu\wp-includes\class-wp-hook.php(353): Elementor\Core\Editor\Editor->init('')
#30 C:\laragon\www\mindu\wp-includes\class-wp-hook.php(377): WP_Hook->apply_filters('', Array)
#31 C:\laragon\www\mindu\wp-includes\plugin.php(523): WP_Hook->do_action(Array)
#32 C:\laragon\www\mindu\wp-admin\admin.php(429): do_action('admin_action_el...')
#33 C:\laragon\www\mindu\wp-admin\post.php(12): require_once('C:\\laragon\\www\\...')
#34 {main}
  thrown in C:\laragon\www\mindu\wp-content\plugins\mindu-core\widgets\header-search.php on line 257
[09-Sep-2026 07:30:24 UTC] PHP Fatal error:  Uncaught Error: Call to a member function register() on null in C:\laragon\www\mindu\wp-content\plugins\mindu-core\widgets\header-search.php:257
Stack trace:
#0 C:\laragon\www\mindu\wp-content\plugins\mindu-core\mindu-core.php(48): require_once()
#1 C:\laragon\www\mindu\wp-includes\class-wp-hook.php(353): register_hello_world_widget(Object(Elementor\Widgets_Manager))
#2 C:\laragon\www\mindu\wp-includes\class-wp-hook.php(377): WP_Hook->apply_filters(NULL, Array)
#3 C:\laragon\www\mindu\wp-includes\plugin.php(523): WP_Hook->do_action(Array)
#4 C:\laragon\www\mindu\wp-content\plugins\elementor\includes\managers\widgets.php(159): do_action('elementor/widge...', Object(Elementor\Widgets_Manager))
#5 C:\laragon\www\mindu\wp-content\plugins\elementor\includes\managers\widgets.php(358): Elementor\Widgets_Manager->init_widgets()
#6 C:\laragon\www\mindu\wp-content\plugins\elementor\includes\elements\container.php(347): Elementor\Widgets_Manager->get_widget_types('mindu-hero')
#7 C:\laragon\www\mindu\wp-content\plugins\elementor\includes\base\element-base.php(1547): Elementor\Includes\Elements\Container->_get_default_child_type(Array)
#8 C:\laragon\www\mindu\wp-content\plugins\elementor\includes\base\element-base.php(399): Elementor\Element_Base->get_child_type(Array)
#9 C:\laragon\www\mindu\wp-content\plugins\elementor\includes\base\element-base.php(1592): Elementor\Element_Base->add_child(Array)
#10 C:\laragon\www\mindu\wp-content\plugins\elementor\includes\base\element-base.php(324): Elementor\Element_Base->init_children()
#11 C:\laragon\www\mindu\wp-content\plugins\elementor\includes\base\element-base.php(656): Elementor\Element_Base->get_children()
#12 C:\laragon\www\mindu\wp-content\plugins\elementor\core\base\document.php(1120): Elementor\Element_Base->get_raw_data(true)
#13 C:\laragon\www\mindu\wp-content\plugins\elementor\core\base\document.php(755): Elementor\Core\Base\Document->get_elements_raw_data(Array, true)
#14 C:\laragon\www\mindu\wp-content\plugins\elementor\includes\base\controls-stack.php(1071): Elementor\Core\Base\Document->get_initial_config()
#15 C:\laragon\www\mindu\wp-content\plugins\elementor\core\editor\loader\common\editor-common-scripts-settings.php(40): Elementor\Controls_Stack->get_config()
#16 C:\laragon\www\mindu\wp-content\plugins\elementor\core\editor\loader\v2\editor-v2-loader.php(177): Elementor\Core\Editor\Loader\Common\Editor_Common_Scripts_Settings::get()
#17 C:\laragon\www\mindu\wp-content\plugins\elementor\core\editor\editor.php(357): Elementor\Core\Editor\Loader\V2\Editor_V2_Loader->enqueue_scripts()
#18 C:\laragon\www\mindu\wp-includes\class-wp-hook.php(353): Elementor\Core\Editor\Editor->enqueue_scripts('')
#19 C:\laragon\www\mindu\wp-includes\class-wp-hook.php(377): WP_Hook->apply_filters('', Array)
#20 C:\laragon\www\mindu\wp-includes\plugin.php(523): WP_Hook->do_action(Array)
#21 C:\laragon\www\mindu\wp-includes\script-loader.php(2340): do_action('wp_enqueue_scri...')
#22 C:\laragon\www\mindu\wp-includes\class-wp-hook.php(353): wp_enqueue_scripts('')
#23 C:\laragon\www\mindu\wp-includes\class-wp-hook.php(377): WP_Hook->apply_filters('', Array)
#24 C:\laragon\www\mindu\wp-includes\plugin.php(523): WP_Hook->do_action(Array)
#25 C:\laragon\www\mindu\wp-includes\general-template.php(3413): do_action('wp_head')
#26 C:\laragon\www\mindu\wp-content\plugins\elementor\includes\editor-templates\editor-wrapper.php(35): wp_head()
#27 C:\laragon\www\mindu\wp-content\plugins\elementor\core\editor\loader\v2\editor-v2-loader.php(227): include('C:\\laragon\\www\\...')
#28 C:\laragon\www\mindu\wp-content\plugins\elementor\core\editor\editor.php(162): Elementor\Core\Editor\Loader\V2\Editor_V2_Loader->print_root_template()
#29 C:\laragon\www\mindu\wp-includes\class-wp-hook.php(353): Elementor\Core\Editor\Editor->init('')
#30 C:\laragon\www\mindu\wp-includes\class-wp-hook.php(377): WP_Hook->apply_filters('', Array)
#31 C:\laragon\www\mindu\wp-includes\plugin.php(523): WP_Hook->do_action(Array)
#32 C:\laragon\www\mindu\wp-admin\admin.php(429): do_action('admin_action_el...')
#33 C:\laragon\www\mindu\wp-admin\post.php(12): require_once('C:\\laragon\\www\\...')
#34 {main}
  thrown in C:\laragon\www\mindu\wp-content\plugins\mindu-core\widgets\header-search.php on line 257
[09-Sep-2026 07:30:36 UTC] PHP Warning:  Undefined variable $widgets_manager in C:\laragon\www\mindu\wp-content\plugins\mindu-core\widgets\header-search.php on line 257
[09-Sep-2026 07:30:36 UTC] PHP Fatal error:  Uncaught Error: Call to a member function register() on null in C:\laragon\www\mindu\wp-content\plugins\mindu-core\widgets\header-search.php:257
Stack trace:
#0 C:\laragon\www\mindu\wp-content\plugins\mindu-core\mindu-core.php(48): require_once()
#1 C:\laragon\www\mindu\wp-includes\class-wp-hook.php(353): register_hello_world_widget(Object(Elementor\Widgets_Manager))
#2 C:\laragon\www\mindu\wp-includes\class-wp-hook.php(377): WP_Hook->apply_filters(NULL, Array)
#3 C:\laragon\www\mindu\wp-includes\plugin.php(523): WP_Hook->do_action(Array)
#4 C:\laragon\www\mindu\wp-content\plugins\elementor\includes\managers\widgets.php(159): do_action('elementor/widge...', Object(Elementor\Widgets_Manager))
#5 C:\laragon\www\mindu\wp-content\plugins\elementor\includes\managers\widgets.php(358): Elementor\Widgets_Manager->init_widgets()
#6 C:\laragon\www\mindu\wp-content\plugins\elementor\includes\elements\container.php(347): Elementor\Widgets_Manager->get_widget_types('mindu-hero')
#7 C:\laragon\www\mindu\wp-content\plugins\elementor\includes\base\element-base.php(1547): Elementor\Includes\Elements\Container->_get_default_child_type(Array)
#8 C:\laragon\www\mindu\wp-content\plugins\elementor\includes\base\element-base.php(399): Elementor\Element_Base->get_child_type(Array)
#9 C:\laragon\www\mindu\wp-content\plugins\elementor\includes\base\element-base.php(1592): Elementor\Element_Base->add_child(Array)
#10 C:\laragon\www\mindu\wp-content\plugins\elementor\includes\base\element-base.php(324): Elementor\Element_Base->init_children()
#11 C:\laragon\www\mindu\wp-content\plugins\elementor\includes\base\element-base.php(656): Elementor\Element_Base->get_children()
#12 C:\laragon\www\mindu\wp-content\plugins\elementor\core\base\document.php(1120): Elementor\Element_Base->get_raw_data(true)
#13 C:\laragon\www\mindu\wp-content\plugins\elementor\core\base\document.php(755): Elementor\Core\Base\Document->get_elements_raw_data(Array, true)
#14 C:\laragon\www\mindu\wp-content\plugins\elementor\includes\base\controls-stack.php(1071): Elementor\Core\Base\Document->get_initial_config()
#15 C:\laragon\www\mindu\wp-content\plugins\elementor\core\editor\loader\common\editor-common-scripts-settings.php(40): Elementor\Controls_Stack->get_config()
#16 C:\laragon\www\mindu\wp-content\plugins\elementor\core\editor\loader\v2\editor-v2-loader.php(177): Elementor\Core\Editor\Loader\Common\Editor_Common_Scripts_Settings::get()
#17 C:\laragon\www\mindu\wp-content\plugins\elementor\core\editor\editor.php(357): Elementor\Core\Editor\Loader\V2\Editor_V2_Loader->enqueue_scripts()
#18 C:\laragon\www\mindu\wp-includes\class-wp-hook.php(353): Elementor\Core\Editor\Editor->enqueue_scripts('')
#19 C:\laragon\www\mindu\wp-includes\class-wp-hook.php(377): WP_Hook->apply_filters('', Array)
#20 C:\laragon\www\mindu\wp-includes\plugin.php(523): WP_Hook->do_action(Array)
#21 C:\laragon\www\mindu\wp-includes\script-loader.php(2340): do_action('wp_enqueue_scri...')
#22 C:\laragon\www\mindu\wp-includes\class-wp-hook.php(353): wp_enqueue_scripts('')
#23 C:\laragon\www\mindu\wp-includes\class-wp-hook.php(377): WP_Hook->apply_filters('', Array)
#24 C:\laragon\www\mindu\wp-includes\plugin.php(523): WP_Hook->do_action(Array)
#25 C:\laragon\www\mindu\wp-includes\general-template.php(3413): do_action('wp_head')
#26 C:\laragon\www\mindu\wp-content\plugins\elementor\includes\editor-templates\editor-wrapper.php(35): wp_head()
#27 C:\laragon\www\mindu\wp-content\plugins\elementor\core\editor\loader\v2\editor-v2-loader.php(227): include('C:\\laragon\\www\\...')
#28 C:\laragon\www\mindu\wp-content\plugins\elementor\core\editor\editor.php(162): Elementor\Core\Editor\Loader\V2\Editor_V2_Loader->print_root_template()
#29 C:\laragon\www\mindu\wp-includes\class-wp-hook.php(353): Elementor\Core\Editor\Editor->init('')
#30 C:\laragon\www\mindu\wp-includes\class-wp-hook.php(377): WP_Hook->apply_filters('', Array)
#31 C:\laragon\www\mindu\wp-includes\plugin.php(523): WP_Hook->do_action(Array)
#32 C:\laragon\www\mindu\wp-admin\admin.php(429): do_action('admin_action_el...')
#33 C:\laragon\www\mindu\wp-admin\post.php(12): require_once('C:\\laragon\\www\\...')
#34 {main}
  thrown in C:\laragon\www\mindu\wp-content\plugins\mindu-core\widgets\header-search.php on line 257
[09-Sep-2026 07:30:57 UTC] PHP Warning:  Undefined variable $widgets_manager in C:\laragon\www\mindu\wp-content\plugins\mindu-core\widgets\header-search.php on line 257
[09-Sep-2026 07:30:57 UTC] PHP Fatal error:  Uncaught Error: Call to a member function register() on null in C:\laragon\www\mindu\wp-content\plugins\mindu-core\widgets\header-search.php:257
Stack trace:
#0 C:\laragon\www\mindu\wp-content\plugins\mindu-core\mindu-core.php(48): require_once()
#1 C:\laragon\www\mindu\wp-includes\class-wp-hook.php(353): register_hello_world_widget(Object(Elementor\Widgets_Manager))
#2 C:\laragon\www\mindu\wp-includes\class-wp-hook.php(377): WP_Hook->apply_filters(NULL, Array)
#3 C:\laragon\www\mindu\wp-includes\plugin.php(523): WP_Hook->do_action(Array)
#4 C:\laragon\www\mindu\wp-content\plugins\elementor\includes\managers\widgets.php(159): do_action('elementor/widge...', Object(Elementor\Widgets_Manager))
#5 C:\laragon\www\mindu\wp-content\plugins\elementor\includes\managers\widgets.php(358): Elementor\Widgets_Manager->init_widgets()
#6 C:\laragon\www\mindu\wp-content\plugins\elementor\includes\elements\container.php(347): Elementor\Widgets_Manager->get_widget_types('mindu-hero')
#7 C:\laragon\www\mindu\wp-content\plugins\elementor\includes\base\element-base.php(1547): Elementor\Includes\Elements\Container->_get_default_child_type(Array)
#8 C:\laragon\www\mindu\wp-content\plugins\elementor\includes\base\element-base.php(399): Elementor\Element_Base->get_child_type(Array)
#9 C:\laragon\www\mindu\wp-content\plugins\elementor\includes\base\element-base.php(1592): Elementor\Element_Base->add_child(Array)
#10 C:\laragon\www\mindu\wp-content\plugins\elementor\includes\base\element-base.php(324): Elementor\Element_Base->init_children()
#11 C:\laragon\www\mindu\wp-content\plugins\elementor\includes\base\element-base.php(656): Elementor\Element_Base->get_children()
#12 C:\laragon\www\mindu\wp-content\plugins\elementor\core\base\document.php(1120): Elementor\Element_Base->get_raw_data(true)
#13 C:\laragon\www\mindu\wp-content\plugins\elementor\core\base\document.php(755): Elementor\Core\Base\Document->get_elements_raw_data(Array, true)
#14 C:\laragon\www\mindu\wp-content\plugins\elementor\includes\base\controls-stack.php(1071): Elementor\Core\Base\Document->get_initial_config()
#15 C:\laragon\www\mindu\wp-content\plugins\elementor\core\editor\loader\common\editor-common-scripts-settings.php(40): Elementor\Controls_Stack->get_config()
#16 C:\laragon\www\mindu\wp-content\plugins\elementor\core\editor\loader\v2\editor-v2-loader.php(177): Elementor\Core\Editor\Loader\Common\Editor_Common_Scripts_Settings::get()
#17 C:\laragon\www\mindu\wp-content\plugins\elementor\core\editor\editor.php(357): Elementor\Core\Editor\Loader\V2\Editor_V2_Loader->enqueue_scripts()
#18 C:\laragon\www\mindu\wp-includes\class-wp-hook.php(353): Elementor\Core\Editor\Editor->enqueue_scripts('')
#19 C:\laragon\www\mindu\wp-includes\class-wp-hook.php(377): WP_Hook->apply_filters('', Array)
#20 C:\laragon\www\mindu\wp-includes\plugin.php(523): WP_Hook->do_action(Array)
#21 C:\laragon\www\mindu\wp-includes\script-loader.php(2340): do_action('wp_enqueue_scri...')
#22 C:\laragon\www\mindu\wp-includes\class-wp-hook.php(353): wp_enqueue_scripts('')
#23 C:\laragon\www\mindu\wp-includes\class-wp-hook.php(377): WP_Hook->apply_filters('', Array)
#24 C:\laragon\www\mindu\wp-includes\plugin.php(523): WP_Hook->do_action(Array)
#25 C:\laragon\www\mindu\wp-includes\general-template.php(3413): do_action('wp_head')
#26 C:\laragon\www\mindu\wp-content\plugins\elementor\includes\editor-templates\editor-wrapper.php(35): wp_head()
#27 C:\laragon\www\mindu\wp-content\plugins\elementor\core\editor\loader\v2\editor-v2-loader.php(227): include('C:\\laragon\\www\\...')
#28 C:\laragon\www\mindu\wp-content\plugins\elementor\core\editor\editor.php(162): Elementor\Core\Editor\Loader\V2\Editor_V2_Loader->print_root_template()
#29 C:\laragon\www\mindu\wp-includes\class-wp-hook.php(353): Elementor\Core\Editor\Editor->init('')
#30 C:\laragon\www\mindu\wp-includes\class-wp-hook.php(377): WP_Hook->apply_filters('', Array)
#31 C:\laragon\www\mindu\wp-includes\plugin.php(523): WP_Hook->do_action(Array)
#32 C:\laragon\www\mindu\wp-admin\admin.php(429): do_action('admin_action_el...')
#33 C:\laragon\www\mindu\wp-admin\post.php(12): require_once('C:\\laragon\\www\\...')
#34 {main}
  thrown in C:\laragon\www\mindu\wp-content\plugins\mindu-core\widgets\header-search.php on line 257
[09-Sep-2026 07:32:50 UTC] PHP Warning:  Undefined array key "title_url" in C:\laragon\www\mindu\wp-content\plugins\mindu-core\widgets\image-box.php on line 166
[09-Sep-2026 07:32:50 UTC] PHP Deprecated:  ltrim(): Passing null to parameter #1 ($string) of type string is deprecated in C:\laragon\www\mindu\wp-includes\formatting.php on line 4558
[09-Sep-2026 07:32:50 UTC] PHP Warning:  Undefined array key "title_url" in C:\laragon\www\mindu\wp-content\plugins\mindu-core\widgets\image-box.php on line 166
[09-Sep-2026 07:32:50 UTC] PHP Deprecated:  ltrim(): Passing null to parameter #1 ($string) of type string is deprecated in C:\laragon\www\mindu\wp-includes\formatting.php on line 4558
[09-Sep-2026 07:34:41 UTC] PHP Warning:  Undefined array key "title_url" in C:\laragon\www\mindu\wp-content\plugins\mindu-core\widgets\image-box.php on line 166
[09-Sep-2026 07:34:41 UTC] PHP Deprecated:  ltrim(): Passing null to parameter #1 ($string) of type string is deprecated in C:\laragon\www\mindu\wp-includes\formatting.php on line 4558
[09-Sep-2026 07:34:41 UTC] PHP Warning:  Undefined array key "title_url" in C:\laragon\www\mindu\wp-content\plugins\mindu-core\widgets\image-box.php on line 166
[09-Sep-2026 07:34:41 UTC] PHP Deprecated:  ltrim(): Passing null to parameter #1 ($string) of type string is deprecated in C:\laragon\www\mindu\wp-includes\formatting.php on line 4558
[09-Sep-2026 08:45:30 UTC] PHP Warning:  Undefined array key "title_url" in C:\laragon\www\mindu\wp-content\plugins\mindu-core\widgets\image-box.php on line 166
[09-Sep-2026 08:45:30 UTC] PHP Deprecated:  ltrim(): Passing null to parameter #1 ($string) of type string is deprecated in C:\laragon\www\mindu\wp-includes\formatting.php on line 4558
[09-Sep-2026 08:45:30 UTC] PHP Warning:  Undefined array key "title_url" in C:\laragon\www\mindu\wp-content\plugins\mindu-core\widgets\image-box.php on line 166
[09-Sep-2026 08:45:30 UTC] PHP Deprecated:  ltrim(): Passing null to parameter #1 ($string) of type string is deprecated in C:\laragon\www\mindu\wp-includes\formatting.php on line 4558
[09-Sep-2026 08:45:31 UTC] PHP Warning:  Undefined array key "title_url" in C:\laragon\www\mindu\wp-content\plugins\mindu-core\widgets\image-box.php on line 166
[09-Sep-2026 08:45:31 UTC] PHP Deprecated:  ltrim(): Passing null to parameter #1 ($string) of type string is deprecated in C:\laragon\www\mindu\wp-includes\formatting.php on line 4558
[09-Sep-2026 08:45:31 UTC] PHP Warning:  Undefined array key "title_url" in C:\laragon\www\mindu\wp-content\plugins\mindu-core\widgets\image-box.php on line 166
[09-Sep-2026 08:45:31 UTC] PHP Deprecated:  ltrim(): Passing null to parameter #1 ($string) of type string is deprecated in C:\laragon\www\mindu\wp-includes\formatting.php on line 4558
[09-Sep-2026 10:06:43 UTC] PHP Warning:  Undefined array key 0 in C:\laragon\www\mindu\wp-content\themes\mindu\template-parts\blog\blog-meta.php on line 19
[09-Sep-2026 10:06:43 UTC] PHP Warning:  Attempt to read property "name" on null in C:\laragon\www\mindu\wp-content\themes\mindu\template-parts\blog\blog-meta.php on line 19
[09-Sep-2026 10:06:43 UTC] PHP Warning:  foreach() argument must be of type array|object, bool given in C:\laragon\www\mindu\wp-content\themes\mindu\include\theme-helper.php on line 200
[09-Sep-2026 10:08:22 UTC] PHP Warning:  Undefined array key "title_url" in C:\laragon\www\mindu\wp-content\plugins\mindu-core\widgets\image-box.php on line 166
[09-Sep-2026 10:08:22 UTC] PHP Deprecated:  ltrim(): Passing null to parameter #1 ($string) of type string is deprecated in C:\laragon\www\mindu\wp-includes\formatting.php on line 4558
[09-Sep-2026 10:08:22 UTC] PHP Warning:  Undefined array key "title_url" in C:\laragon\www\mindu\wp-content\plugins\mindu-core\widgets\image-box.php on line 166
[09-Sep-2026 10:08:22 UTC] PHP Deprecated:  ltrim(): Passing null to parameter #1 ($string) of type string is deprecated in C:\laragon\www\mindu\wp-includes\formatting.php on line 4558
[09-Sep-2026 10:08:43 UTC] PHP Warning:  Undefined array key "title_url" in C:\laragon\www\mindu\wp-content\plugins\mindu-core\widgets\image-box.php on line 166
[09-Sep-2026 10:08:43 UTC] PHP Deprecated:  ltrim(): Passing null to parameter #1 ($string) of type string is deprecated in C:\laragon\www\mindu\wp-includes\formatting.php on line 4558
[09-Sep-2026 10:08:43 UTC] PHP Warning:  Undefined array key "title_url" in C:\laragon\www\mindu\wp-content\plugins\mindu-core\widgets\image-box.php on line 166
[09-Sep-2026 10:08:43 UTC] PHP Deprecated:  ltrim(): Passing null to parameter #1 ($string) of type string is deprecated in C:\laragon\www\mindu\wp-includes\formatting.php on line 4558
[09-Sep-2026 10:08:57 UTC] PHP Warning:  Undefined array key "title_url" in C:\laragon\www\mindu\wp-content\plugins\mindu-core\widgets\image-box.php on line 166
[09-Sep-2026 10:08:57 UTC] PHP Deprecated:  ltrim(): Passing null to parameter #1 ($string) of type string is deprecated in C:\laragon\www\mindu\wp-includes\formatting.php on line 4558
[09-Sep-2026 10:08:57 UTC] PHP Warning:  Undefined array key "title_url" in C:\laragon\www\mindu\wp-content\plugins\mindu-core\widgets\image-box.php on line 166
[09-Sep-2026 10:08:57 UTC] PHP Deprecated:  ltrim(): Passing null to parameter #1 ($string) of type string is deprecated in C:\laragon\www\mindu\wp-includes\formatting.php on line 4558
[09-Sep-2026 10:26:06 UTC] PHP Warning:  Undefined array key "title_url" in C:\laragon\www\mindu\wp-content\plugins\mindu-core\widgets\image-box.php on line 166
[09-Sep-2026 10:26:06 UTC] PHP Deprecated:  ltrim(): Passing null to parameter #1 ($string) of type string is deprecated in C:\laragon\www\mindu\wp-includes\formatting.php on line 4558
[09-Sep-2026 10:26:06 UTC] PHP Warning:  Undefined array key "title_url" in C:\laragon\www\mindu\wp-content\plugins\mindu-core\widgets\image-box.php on line 166
[09-Sep-2026 10:26:06 UTC] PHP Deprecated:  ltrim(): Passing null to parameter #1 ($string) of type string is deprecated in C:\laragon\www\mindu\wp-includes\formatting.php on line 4558
[09-Sep-2026 10:26:19 UTC] PHP Warning:  Undefined array key "title_url" in C:\laragon\www\mindu\wp-content\plugins\mindu-core\widgets\image-box.php on line 166
[09-Sep-2026 10:26:19 UTC] PHP Deprecated:  ltrim(): Passing null to parameter #1 ($string) of type string is deprecated in C:\laragon\www\mindu\wp-includes\formatting.php on line 4558
[09-Sep-2026 10:26:19 UTC] PHP Warning:  Undefined array key "title_url" in C:\laragon\www\mindu\wp-content\plugins\mindu-core\widgets\image-box.php on line 166
[09-Sep-2026 10:26:19 UTC] PHP Deprecated:  ltrim(): Passing null to parameter #1 ($string) of type string is deprecated in C:\laragon\www\mindu\wp-includes\formatting.php on line 4558
[09-Sep-2026 10:26:38 UTC] PHP Warning:  Undefined array key "title_url" in C:\laragon\www\mindu\wp-content\plugins\mindu-core\widgets\image-box.php on line 166
[09-Sep-2026 10:26:38 UTC] PHP Deprecated:  ltrim(): Passing null to parameter #1 ($string) of type string is deprecated in C:\laragon\www\mindu\wp-includes\formatting.php on line 4558
[09-Sep-2026 10:26:38 UTC] PHP Warning:  Undefined array key "title_url" in C:\laragon\www\mindu\wp-content\plugins\mindu-core\widgets\image-box.php on line 166
[09-Sep-2026 10:26:38 UTC] PHP Deprecated:  ltrim(): Passing null to parameter #1 ($string) of type string is deprecated in C:\laragon\www\mindu\wp-includes\formatting.php on line 4558
[09-Sep-2026 10:27:35 UTC] PHP Warning:  Undefined array key "title_url" in C:\laragon\www\mindu\wp-content\plugins\mindu-core\widgets\image-box.php on line 166
[09-Sep-2026 10:27:35 UTC] PHP Deprecated:  ltrim(): Passing null to parameter #1 ($string) of type string is deprecated in C:\laragon\www\mindu\wp-includes\formatting.php on line 4558
[09-Sep-2026 10:27:35 UTC] PHP Warning:  Undefined array key "title_url" in C:\laragon\www\mindu\wp-content\plugins\mindu-core\widgets\image-box.php on line 166
[09-Sep-2026 10:27:35 UTC] PHP Deprecated:  ltrim(): Passing null to parameter #1 ($string) of type string is deprecated in C:\laragon\www\mindu\wp-includes\formatting.php on line 4558
[09-Sep-2026 10:28:17 UTC] PHP Warning:  Undefined array key "title_url" in C:\laragon\www\mindu\wp-content\plugins\mindu-core\widgets\image-box.php on line 166
[09-Sep-2026 10:28:17 UTC] PHP Deprecated:  ltrim(): Passing null to parameter #1 ($string) of type string is deprecated in C:\laragon\www\mindu\wp-includes\formatting.php on line 4558
[09-Sep-2026 10:28:17 UTC] PHP Warning:  Undefined array key "title_url" in C:\laragon\www\mindu\wp-content\plugins\mindu-core\widgets\image-box.php on line 166
[09-Sep-2026 10:28:17 UTC] PHP Deprecated:  ltrim(): Passing null to parameter #1 ($string) of type string is deprecated in C:\laragon\www\mindu\wp-includes\formatting.php on line 4558
[09-Sep-2026 10:28:17 UTC] PHP Warning:  Undefined variable $footer_id in C:\laragon\www\mindu\wp-content\themes\mindu\include\theme-helper.php on line 40
[09-Sep-2026 10:28:27 UTC] PHP Warning:  Undefined array key "title_url" in C:\laragon\www\mindu\wp-content\plugins\mindu-core\widgets\image-box.php on line 166
[09-Sep-2026 10:28:27 UTC] PHP Deprecated:  ltrim(): Passing null to parameter #1 ($string) of type string is deprecated in C:\laragon\www\mindu\wp-includes\formatting.php on line 4558
[09-Sep-2026 10:28:27 UTC] PHP Warning:  Undefined array key "title_url" in C:\laragon\www\mindu\wp-content\plugins\mindu-core\widgets\image-box.php on line 166
[09-Sep-2026 10:28:27 UTC] PHP Deprecated:  ltrim(): Passing null to parameter #1 ($string) of type string is deprecated in C:\laragon\www\mindu\wp-includes\formatting.php on line 4558
[09-Sep-2026 10:29:27 UTC] PHP Warning:  Undefined array key "title_url" in C:\laragon\www\mindu\wp-content\plugins\mindu-core\widgets\image-box.php on line 166
[09-Sep-2026 10:29:27 UTC] PHP Deprecated:  ltrim(): Passing null to parameter #1 ($string) of type string is deprecated in C:\laragon\www\mindu\wp-includes\formatting.php on line 4558
[09-Sep-2026 10:29:27 UTC] PHP Warning:  Undefined array key "title_url" in C:\laragon\www\mindu\wp-content\plugins\mindu-core\widgets\image-box.php on line 166
[09-Sep-2026 10:29:27 UTC] PHP Deprecated:  ltrim(): Passing null to parameter #1 ($string) of type string is deprecated in C:\laragon\www\mindu\wp-includes\formatting.php on line 4558
[09-Sep-2026 10:29:53 UTC] PHP Warning:  Undefined array key "title_url" in C:\laragon\www\mindu\wp-content\plugins\mindu-core\widgets\image-box.php on line 166
[09-Sep-2026 10:29:53 UTC] PHP Deprecated:  ltrim(): Passing null to parameter #1 ($string) of type string is deprecated in C:\laragon\www\mindu\wp-includes\formatting.php on line 4558
[09-Sep-2026 10:29:53 UTC] PHP Warning:  Undefined array key "title_url" in C:\laragon\www\mindu\wp-content\plugins\mindu-core\widgets\image-box.php on line 166
[09-Sep-2026 10:29:53 UTC] PHP Deprecated:  ltrim(): Passing null to parameter #1 ($string) of type string is deprecated in C:\laragon\www\mindu\wp-includes\formatting.php on line 4558
[09-Sep-2026 10:30:19 UTC] PHP Warning:  Undefined array key "title_url" in C:\laragon\www\mindu\wp-content\plugins\mindu-core\widgets\image-box.php on line 166
[09-Sep-2026 10:30:19 UTC] PHP Deprecated:  ltrim(): Passing null to parameter #1 ($string) of type string is deprecated in C:\laragon\www\mindu\wp-includes\formatting.php on line 4558
[09-Sep-2026 10:30:19 UTC] PHP Warning:  Undefined array key "title_url" in C:\laragon\www\mindu\wp-content\plugins\mindu-core\widgets\image-box.php on line 166
[09-Sep-2026 10:30:19 UTC] PHP Deprecated:  ltrim(): Passing null to parameter #1 ($string) of type string is deprecated in C:\laragon\www\mindu\wp-includes\formatting.php on line 4558
[09-Sep-2026 10:34:47 UTC] PHP Warning:  Undefined array key "title_url" in C:\laragon\www\mindu\wp-content\plugins\mindu-core\widgets\image-box.php on line 166
[09-Sep-2026 10:34:47 UTC] PHP Deprecated:  ltrim(): Passing null to parameter #1 ($string) of type string is deprecated in C:\laragon\www\mindu\wp-includes\formatting.php on line 4558
[09-Sep-2026 10:34:47 UTC] PHP Warning:  Undefined array key "title_url" in C:\laragon\www\mindu\wp-content\plugins\mindu-core\widgets\image-box.php on line 166
[09-Sep-2026 10:34:47 UTC] PHP Deprecated:  ltrim(): Passing null to parameter #1 ($string) of type string is deprecated in C:\laragon\www\mindu\wp-includes\formatting.php on line 4558
[09-Sep-2026 10:35:04 UTC] PHP Warning:  Undefined array key "title_url" in C:\laragon\www\mindu\wp-content\plugins\mindu-core\widgets\image-box.php on line 166
[09-Sep-2026 10:35:04 UTC] PHP Deprecated:  ltrim(): Passing null to parameter #1 ($string) of type string is deprecated in C:\laragon\www\mindu\wp-includes\formatting.php on line 4558
[09-Sep-2026 10:35:04 UTC] PHP Warning:  Undefined array key "title_url" in C:\laragon\www\mindu\wp-content\plugins\mindu-core\widgets\image-box.php on line 166
[09-Sep-2026 10:35:04 UTC] PHP Deprecated:  ltrim(): Passing null to parameter #1 ($string) of type string is deprecated in C:\laragon\www\mindu\wp-includes\formatting.php on line 4558
[09-Sep-2026 10:35:23 UTC] PHP Warning:  Undefined array key "title_url" in C:\laragon\www\mindu\wp-content\plugins\mindu-core\widgets\image-box.php on line 166
[09-Sep-2026 10:35:23 UTC] PHP Deprecated:  ltrim(): Passing null to parameter #1 ($string) of type string is deprecated in C:\laragon\www\mindu\wp-includes\formatting.php on line 4558
[09-Sep-2026 10:35:23 UTC] PHP Warning:  Undefined array key "title_url" in C:\laragon\www\mindu\wp-content\plugins\mindu-core\widgets\image-box.php on line 166
[09-Sep-2026 10:35:23 UTC] PHP Deprecated:  ltrim(): Passing null to parameter #1 ($string) of type string is deprecated in C:\laragon\www\mindu\wp-includes\formatting.php on line 4558
[09-Sep-2026 10:35:40 UTC] PHP Warning:  Undefined array key "title_url" in C:\laragon\www\mindu\wp-content\plugins\mindu-core\widgets\image-box.php on line 166
[09-Sep-2026 10:35:40 UTC] PHP Deprecated:  ltrim(): Passing null to parameter #1 ($string) of type string is deprecated in C:\laragon\www\mindu\wp-includes\formatting.php on line 4558
[09-Sep-2026 10:35:40 UTC] PHP Warning:  Undefined array key "title_url" in C:\laragon\www\mindu\wp-content\plugins\mindu-core\widgets\image-box.php on line 166
[09-Sep-2026 10:35:40 UTC] PHP Deprecated:  ltrim(): Passing null to parameter #1 ($string) of type string is deprecated in C:\laragon\www\mindu\wp-includes\formatting.php on line 4558
[09-Sep-2026 10:41:12 UTC] PHP Warning:  Undefined array key "title_url" in C:\laragon\www\mindu\wp-content\plugins\mindu-core\widgets\image-box.php on line 166
[09-Sep-2026 10:41:12 UTC] PHP Deprecated:  ltrim(): Passing null to parameter #1 ($string) of type string is deprecated in C:\laragon\www\mindu\wp-includes\formatting.php on line 4558
[09-Sep-2026 10:41:12 UTC] PHP Warning:  Undefined array key "title_url" in C:\laragon\www\mindu\wp-content\plugins\mindu-core\widgets\image-box.php on line 166
[09-Sep-2026 10:41:12 UTC] PHP Deprecated:  ltrim(): Passing null to parameter #1 ($string) of type string is deprecated in C:\laragon\www\mindu\wp-includes\formatting.php on line 4558
[09-Sep-2026 12:24:22 UTC] PHP Warning:  Undefined array key "title_url" in C:\laragon\www\mindu\wp-content\plugins\mindu-core\widgets\image-box.php on line 166
[09-Sep-2026 12:24:22 UTC] PHP Deprecated:  ltrim(): Passing null to parameter #1 ($string) of type string is deprecated in C:\laragon\www\mindu\wp-includes\formatting.php on line 4558
[09-Sep-2026 12:24:22 UTC] PHP Warning:  Undefined array key "title_url" in C:\laragon\www\mindu\wp-content\plugins\mindu-core\widgets\image-box.php on line 166
[09-Sep-2026 12:24:22 UTC] PHP Deprecated:  ltrim(): Passing null to parameter #1 ($string) of type string is deprecated in C:\laragon\www\mindu\wp-includes\formatting.php on line 4558
[09-Sep-2026 12:24:31 UTC] PHP Warning:  Undefined array key "title_url" in C:\laragon\www\mindu\wp-content\plugins\mindu-core\widgets\image-box.php on line 166
[09-Sep-2026 12:24:31 UTC] PHP Deprecated:  ltrim(): Passing null to parameter #1 ($string) of type string is deprecated in C:\laragon\www\mindu\wp-includes\formatting.php on line 4558
[09-Sep-2026 12:24:31 UTC] PHP Warning:  Undefined array key "title_url" in C:\laragon\www\mindu\wp-content\plugins\mindu-core\widgets\image-box.php on line 166
[09-Sep-2026 12:24:31 UTC] PHP Deprecated:  ltrim(): Passing null to parameter #1 ($string) of type string is deprecated in C:\laragon\www\mindu\wp-includes\formatting.php on line 4558
[09-Sep-2026 12:24:51 UTC] PHP Warning:  Undefined array key "title_url" in C:\laragon\www\mindu\wp-content\plugins\mindu-core\widgets\image-box.php on line 166
[09-Sep-2026 12:24:51 UTC] PHP Deprecated:  ltrim(): Passing null to parameter #1 ($string) of type string is deprecated in C:\laragon\www\mindu\wp-includes\formatting.php on line 4558
[09-Sep-2026 12:24:51 UTC] PHP Warning:  Undefined array key "title_url" in C:\laragon\www\mindu\wp-content\plugins\mindu-core\widgets\image-box.php on line 166
[09-Sep-2026 12:24:51 UTC] PHP Deprecated:  ltrim(): Passing null to parameter #1 ($string) of type string is deprecated in C:\laragon\www\mindu\wp-includes\formatting.php on line 4558
[10-Sep-2026 03:16:47 UTC] Automatic updates starting...
[10-Sep-2026 03:16:48 UTC]   Automatic plugin updates starting...
[10-Sep-2026 03:16:48 UTC]   Automatic plugin updates complete.
[10-Sep-2026 03:16:49 UTC]   Automatic theme updates starting...
[10-Sep-2026 03:16:49 UTC]   Automatic theme updates complete.
[10-Sep-2026 03:16:49 UTC] Automatic updates complete.
[10-Sep-2026 03:17:12 UTC] PHP Warning:  Undefined array key "title_url" in C:\laragon\www\mindu\wp-content\plugins\mindu-core\widgets\image-box.php on line 166
[10-Sep-2026 03:17:12 UTC] PHP Deprecated:  ltrim(): Passing null to parameter #1 ($string) of type string is deprecated in C:\laragon\www\mindu\wp-includes\formatting.php on line 4558
[10-Sep-2026 03:17:12 UTC] PHP Warning:  Undefined array key "title_url" in C:\laragon\www\mindu\wp-content\plugins\mindu-core\widgets\image-box.php on line 166
[10-Sep-2026 03:17:12 UTC] PHP Deprecated:  ltrim(): Passing null to parameter #1 ($string) of type string is deprecated in C:\laragon\www\mindu\wp-includes\formatting.php on line 4558
[10-Sep-2026 03:45:42 UTC] PHP Warning:  require_once(C:\laragon\www\mindu\wp-content\plugins\mindu-core\inc\post-type\offcanvas-type.php): Failed to open stream: No such file or directory in C:\laragon\www\mindu\wp-content\plugins\mindu-core\mindu-core.php on line 26
[10-Sep-2026 03:45:42 UTC] PHP Fatal error:  Uncaught Error: Failed opening required 'C:\laragon\www\mindu\wp-content\plugins\mindu-core/inc/post-type/offcanvas-type.php' (include_path='.;C:/laragon/etc/php/pear') in C:\laragon\www\mindu\wp-content\plugins\mindu-core\mindu-core.php:26
Stack trace:
#0 C:\laragon\www\mindu\wp-settings.php(597): include_once()
#1 C:\laragon\www\mindu\wp-config.php(106): require_once('C:\\laragon\\www\\...')
#2 C:\laragon\www\mindu\wp-load.php(50): require_once('C:\\laragon\\www\\...')
#3 C:\laragon\www\mindu\wp-admin\admin-ajax.php(22): require_once('C:\\laragon\\www\\...')
#4 {main}
  thrown in C:\laragon\www\mindu\wp-content\plugins\mindu-core\mindu-core.php on line 26
[10-Sep-2026 03:45:46 UTC] PHP Warning:  require_once(C:\laragon\www\mindu\wp-content\plugins\mindu-core/inc/post-type/offcanvas-type.php): Failed to open stream: No such file or directory in C:\laragon\www\mindu\wp-content\plugins\mindu-core\mindu-core.php on line 26
[10-Sep-2026 03:45:46 UTC] PHP Fatal error:  Uncaught Error: Failed opening required 'C:\laragon\www\mindu\wp-content\plugins\mindu-core/inc/post-type/offcanvas-type.php' (include_path='.;C:/laragon/etc/php/pear') in C:\laragon\www\mindu\wp-content\plugins\mindu-core\mindu-core.php:26
Stack trace:
#0 C:\laragon\www\mindu\wp-settings.php(597): include_once()
#1 C:\laragon\www\mindu\wp-config.php(106): require_once('C:\\laragon\\www\\...')
#2 C:\laragon\www\mindu\wp-load.php(50): require_once('C:\\laragon\\www\\...')
#3 C:\laragon\www\mindu\wp-admin\admin-ajax.php(22): require_once('C:\\laragon\\www\\...')
#4 {main}
  thrown in C:\laragon\www\mindu\wp-content\plugins\mindu-core\mindu-core.php on line 26
[10-Sep-2026 03:45:48 UTC] PHP Warning:  require_once(C:\laragon\www\mindu\wp-content\plugins\mindu-core/inc/post-type/offcanvas-type.php): Failed to open stream: No such file or directory in C:\laragon\www\mindu\wp-content\plugins\mindu-core\mindu-core.php on line 26
[10-Sep-2026 03:45:48 UTC] PHP Fatal error:  Uncaught Error: Failed opening required 'C:\laragon\www\mindu\wp-content\plugins\mindu-core/inc/post-type/offcanvas-type.php' (include_path='.;C:/laragon/etc/php/pear') in C:\laragon\www\mindu\wp-content\plugins\mindu-core\mindu-core.php:26
Stack trace:
#0 C:\laragon\www\mindu\wp-settings.php(597): include_once()
#1 C:\laragon\www\mindu\wp-config.php(106): require_once('C:\\laragon\\www\\...')
#2 C:\laragon\www\mindu\wp-load.php(50): require_once('C:\\laragon\\www\\...')
#3 C:\laragon\www\mindu\wp-admin\admin-ajax.php(22): require_once('C:\\laragon\\www\\...')
#4 {main}
  thrown in C:\laragon\www\mindu\wp-content\plugins\mindu-core\mindu-core.php on line 26
[10-Sep-2026 03:45:51 UTC] PHP Warning:  require_once(C:\laragon\www\mindu\wp-content\plugins\mindu-core/inc/post-type/offcanvas-type.php): Failed to open stream: No such file or directory in C:\laragon\www\mindu\wp-content\plugins\mindu-core\mindu-core.php on line 26
[10-Sep-2026 03:45:51 UTC] PHP Fatal error:  Uncaught Error: Failed opening required 'C:\laragon\www\mindu\wp-content\plugins\mindu-core/inc/post-type/offcanvas-type.php' (include_path='.;C:/laragon/etc/php/pear') in C:\laragon\www\mindu\wp-content\plugins\mindu-core\mindu-core.php:26
Stack trace:
#0 C:\laragon\www\mindu\wp-settings.php(597): include_once()
#1 C:\laragon\www\mindu\wp-config.php(106): require_once('C:\\laragon\\www\\...')
#2 C:\laragon\www\mindu\wp-load.php(50): require_once('C:\\laragon\\www\\...')
#3 C:\laragon\www\mindu\wp-admin\admin.php(35): require_once('C:\\laragon\\www\\...')
#4 C:\laragon\www\mindu\wp-admin\post.php(12): require_once('C:\\laragon\\www\\...')
#5 {main}
  thrown in C:\laragon\www\mindu\wp-content\plugins\mindu-core\mindu-core.php on line 26
[10-Sep-2026 03:45:51 UTC] PHP Warning:  require_once(C:\laragon\www\mindu\wp-content\plugins\mindu-core/inc/post-type/offcanvas-type.php): Failed to open stream: No such file or directory in C:\laragon\www\mindu\wp-content\plugins\mindu-core\mindu-core.php on line 26
[10-Sep-2026 03:45:51 UTC] PHP Fatal error:  Uncaught Error: Failed opening required 'C:\laragon\www\mindu\wp-content\plugins\mindu-core/inc/post-type/offcanvas-type.php' (include_path='.;C:/laragon/etc/php/pear') in C:\laragon\www\mindu\wp-content\plugins\mindu-core\mindu-core.php:26
Stack trace:
#0 C:\laragon\www\mindu\wp-settings.php(597): include_once()
#1 C:\laragon\www\mindu\wp-config.php(106): require_once('C:\\laragon\\www\\...')
#2 C:\laragon\www\mindu\wp-load.php(50): require_once('C:\\laragon\\www\\...')
#3 C:\laragon\www\mindu\wp-admin\admin-ajax.php(22): require_once('C:\\laragon\\www\\...')
#4 {main}
  thrown in C:\laragon\www\mindu\wp-content\plugins\mindu-core\mindu-core.php on line 26
[10-Sep-2026 03:46:42 UTC] PHP Warning:  require_once(C:\laragon\www\mindu\wp-content\plugins\mindu-core/inc/post-type/offcanvas-type.php): Failed to open stream: No such file or directory in C:\laragon\www\mindu\wp-content\plugins\mindu-core\mindu-core.php on line 26
[10-Sep-2026 03:46:42 UTC] PHP Fatal error:  Uncaught Error: Failed opening required 'C:\laragon\www\mindu\wp-content\plugins\mindu-core/inc/post-type/offcanvas-type.php' (include_path='.;C:/laragon/etc/php/pear') in C:\laragon\www\mindu\wp-content\plugins\mindu-core\mindu-core.php:26
Stack trace:
#0 C:\laragon\www\mindu\wp-settings.php(597): include_once()
#1 C:\laragon\www\mindu\wp-config.php(106): require_once('C:\\laragon\\www\\...')
#2 C:\laragon\www\mindu\wp-load.php(50): require_once('C:\\laragon\\www\\...')
#3 C:\laragon\www\mindu\wp-admin\admin-ajax.php(22): require_once('C:\\laragon\\www\\...')
#4 {main}
  thrown in C:\laragon\www\mindu\wp-content\plugins\mindu-core\mindu-core.php on line 26
[10-Sep-2026 04:46:07 UTC] PHP Warning:  Undefined array key 0 in C:\laragon\www\mindu\wp-content\themes\mindu\template-parts\blog\blog-meta.php on line 19
[10-Sep-2026 04:46:07 UTC] PHP Warning:  Attempt to read property "name" on null in C:\laragon\www\mindu\wp-content\themes\mindu\template-parts\blog\blog-meta.php on line 19
[10-Sep-2026 04:46:07 UTC] PHP Warning:  foreach() argument must be of type array|object, bool given in C:\laragon\www\mindu\wp-content\themes\mindu\include\theme-helper.php on line 200
[10-Sep-2026 05:30:00 UTC] PHP Warning:  Undefined array key "title_url" in C:\laragon\www\mindu\wp-content\plugins\mindu-core\widgets\image-box.php on line 166
[10-Sep-2026 05:30:00 UTC] PHP Warning:  Undefined array key "title_url" in C:\laragon\www\mindu\wp-content\plugins\mindu-core\widgets\image-box.php on line 166
[10-Sep-2026 05:30:00 UTC] PHP Deprecated:  ltrim(): Passing null to parameter #1 ($string) of type string is deprecated in C:\laragon\www\mindu\wp-includes\formatting.php on line 4558
[10-Sep-2026 05:30:00 UTC] PHP Deprecated:  ltrim(): Passing null to parameter #1 ($string) of type string is deprecated in C:\laragon\www\mindu\wp-includes\formatting.php on line 4558
[10-Sep-2026 05:30:00 UTC] PHP Warning:  Undefined array key "title_url" in C:\laragon\www\mindu\wp-content\plugins\mindu-core\widgets\image-box.php on line 166
[10-Sep-2026 05:30:00 UTC] PHP Warning:  Undefined array key "title_url" in C:\laragon\www\mindu\wp-content\plugins\mindu-core\widgets\image-box.php on line 166
[10-Sep-2026 05:30:00 UTC] PHP Deprecated:  ltrim(): Passing null to parameter #1 ($string) of type string is deprecated in C:\laragon\www\mindu\wp-includes\formatting.php on line 4558
[10-Sep-2026 05:30:00 UTC] PHP Deprecated:  ltrim(): Passing null to parameter #1 ($string) of type string is deprecated in C:\laragon\www\mindu\wp-includes\formatting.php on line 4558
[10-Sep-2026 05:45:57 UTC] PHP Warning:  Undefined array key 0 in C:\laragon\www\mindu\wp-content\themes\mindu\template-parts\blog\blog-meta.php on line 19
[10-Sep-2026 05:45:57 UTC] PHP Warning:  Attempt to read property "name" on null in C:\laragon\www\mindu\wp-content\themes\mindu\template-parts\blog\blog-meta.php on line 19
[10-Sep-2026 05:45:57 UTC] PHP Warning:  foreach() argument must be of type array|object, bool given in C:\laragon\www\mindu\wp-content\themes\mindu\include\theme-helper.php on line 200
[10-Sep-2026 05:50:29 UTC] Automatic updates starting...
[10-Sep-2026 05:50:30 UTC]   Automatic plugin updates starting...
[10-Sep-2026 05:50:30 UTC]   Automatic plugin updates complete.
[10-Sep-2026 05:50:31 UTC]   Automatic theme updates starting...
[10-Sep-2026 05:50:31 UTC]   Automatic theme updates complete.
[10-Sep-2026 05:50:31 UTC] Automatic updates complete.
[10-Sep-2026 11:52:44 UTC] PHP Warning:  Undefined array key "title_url" in C:\laragon\www\mindu\wp-content\plugins\mindu-core\widgets\image-box.php on line 166
[10-Sep-2026 11:52:44 UTC] PHP Deprecated:  ltrim(): Passing null to parameter #1 ($string) of type string is deprecated in C:\laragon\www\mindu\wp-includes\formatting.php on line 4558
[10-Sep-2026 11:52:44 UTC] PHP Warning:  Undefined array key "title_url" in C:\laragon\www\mindu\wp-content\plugins\mindu-core\widgets\image-box.php on line 166
[10-Sep-2026 11:52:44 UTC] PHP Deprecated:  ltrim(): Passing null to parameter #1 ($string) of type string is deprecated in C:\laragon\www\mindu\wp-includes\formatting.php on line 4558
[10-Sep-2026 11:55:30 UTC] PHP Warning:  Undefined array key "title_url" in C:\laragon\www\mindu\wp-content\plugins\mindu-core\widgets\image-box.php on line 166
[10-Sep-2026 11:55:30 UTC] PHP Deprecated:  ltrim(): Passing null to parameter #1 ($string) of type string is deprecated in C:\laragon\www\mindu\wp-includes\formatting.php on line 4558
[10-Sep-2026 11:55:30 UTC] PHP Warning:  Undefined array key "title_url" in C:\laragon\www\mindu\wp-content\plugins\mindu-core\widgets\image-box.php on line 166
[10-Sep-2026 11:55:30 UTC] PHP Deprecated:  ltrim(): Passing null to parameter #1 ($string) of type string is deprecated in C:\laragon\www\mindu\wp-includes\formatting.php on line 4558
[10-Sep-2026 11:57:46 UTC] PHP Warning:  Undefined array key "title_url" in C:\laragon\www\mindu\wp-content\plugins\mindu-core\widgets\image-box.php on line 166
[10-Sep-2026 11:57:46 UTC] PHP Deprecated:  ltrim(): Passing null to parameter #1 ($string) of type string is deprecated in C:\laragon\www\mindu\wp-includes\formatting.php on line 4558
[10-Sep-2026 11:57:46 UTC] PHP Warning:  Undefined array key "title_url" in C:\laragon\www\mindu\wp-content\plugins\mindu-core\widgets\image-box.php on line 166
[10-Sep-2026 11:57:46 UTC] PHP Deprecated:  ltrim(): Passing null to parameter #1 ($string) of type string is deprecated in C:\laragon\www\mindu\wp-includes\formatting.php on line 4558
[10-Sep-2026 12:16:50 UTC] PHP Warning:  Undefined array key "title_url" in C:\laragon\www\mindu\wp-content\plugins\mindu-core\widgets\image-box.php on line 166
[10-Sep-2026 12:16:50 UTC] PHP Deprecated:  ltrim(): Passing null to parameter #1 ($string) of type string is deprecated in C:\laragon\www\mindu\wp-includes\formatting.php on line 4558
[10-Sep-2026 12:16:50 UTC] PHP Warning:  Undefined array key "title_url" in C:\laragon\www\mindu\wp-content\plugins\mindu-core\widgets\image-box.php on line 166
[10-Sep-2026 12:16:50 UTC] PHP Deprecated:  ltrim(): Passing null to parameter #1 ($string) of type string is deprecated in C:\laragon\www\mindu\wp-includes\formatting.php on line 4558
[10-Sep-2026 12:17:42 UTC] PHP Warning:  Undefined array key "title_url" in C:\laragon\www\mindu\wp-content\plugins\mindu-core\widgets\image-box.php on line 166
[10-Sep-2026 12:17:42 UTC] PHP Deprecated:  ltrim(): Passing null to parameter #1 ($string) of type string is deprecated in C:\laragon\www\mindu\wp-includes\formatting.php on line 4558
[10-Sep-2026 12:17:42 UTC] PHP Warning:  Undefined array key "title_url" in C:\laragon\www\mindu\wp-content\plugins\mindu-core\widgets\image-box.php on line 166
[10-Sep-2026 12:17:42 UTC] PHP Deprecated:  ltrim(): Passing null to parameter #1 ($string) of type string is deprecated in C:\laragon\www\mindu\wp-includes\formatting.php on line 4558
[10-Sep-2026 12:18:04 UTC] PHP Warning:  Undefined array key "title_url" in C:\laragon\www\mindu\wp-content\plugins\mindu-core\widgets\image-box.php on line 166
[10-Sep-2026 12:18:04 UTC] PHP Deprecated:  ltrim(): Passing null to parameter #1 ($string) of type string is deprecated in C:\laragon\www\mindu\wp-includes\formatting.php on line 4558
[10-Sep-2026 12:18:04 UTC] PHP Warning:  Undefined array key "title_url" in C:\laragon\www\mindu\wp-content\plugins\mindu-core\widgets\image-box.php on line 166
[10-Sep-2026 12:18:04 UTC] PHP Deprecated:  ltrim(): Passing null to parameter #1 ($string) of type string is deprecated in C:\laragon\www\mindu\wp-includes\formatting.php on line 4558
[10-Sep-2026 12:18:40 UTC] PHP Warning:  Undefined array key "title_url" in C:\laragon\www\mindu\wp-content\plugins\mindu-core\widgets\image-box.php on line 166
[10-Sep-2026 12:18:40 UTC] PHP Deprecated:  ltrim(): Passing null to parameter #1 ($string) of type string is deprecated in C:\laragon\www\mindu\wp-includes\formatting.php on line 4558
[10-Sep-2026 12:18:40 UTC] PHP Warning:  Undefined array key "title_url" in C:\laragon\www\mindu\wp-content\plugins\mindu-core\widgets\image-box.php on line 166
[10-Sep-2026 12:18:40 UTC] PHP Deprecated:  ltrim(): Passing null to parameter #1 ($string) of type string is deprecated in C:\laragon\www\mindu\wp-includes\formatting.php on line 4558
[10-Sep-2026 12:30:31 UTC] PHP Warning:  Undefined array key "title_url" in C:\laragon\www\mindu\wp-content\plugins\mindu-core\widgets\image-box.php on line 166
[10-Sep-2026 12:30:31 UTC] PHP Deprecated:  ltrim(): Passing null to parameter #1 ($string) of type string is deprecated in C:\laragon\www\mindu\wp-includes\formatting.php on line 4558
[10-Sep-2026 12:30:31 UTC] PHP Warning:  Undefined array key "title_url" in C:\laragon\www\mindu\wp-content\plugins\mindu-core\widgets\image-box.php on line 166
[10-Sep-2026 12:30:31 UTC] PHP Deprecated:  ltrim(): Passing null to parameter #1 ($string) of type string is deprecated in C:\laragon\www\mindu\wp-includes\formatting.php on line 4558
[10-Sep-2026 12:32:35 UTC] PHP Warning:  Undefined array key "title_url" in C:\laragon\www\mindu\wp-content\plugins\mindu-core\widgets\image-box.php on line 166
[10-Sep-2026 12:32:35 UTC] PHP Deprecated:  ltrim(): Passing null to parameter #1 ($string) of type string is deprecated in C:\laragon\www\mindu\wp-includes\formatting.php on line 4558
[10-Sep-2026 12:32:35 UTC] PHP Warning:  Undefined array key "title_url" in C:\laragon\www\mindu\wp-content\plugins\mindu-core\widgets\image-box.php on line 166
[10-Sep-2026 12:32:35 UTC] PHP Deprecated:  ltrim(): Passing null to parameter #1 ($string) of type string is deprecated in C:\laragon\www\mindu\wp-includes\formatting.php on line 4558
[10-Sep-2026 12:36:01 UTC] PHP Warning:  Undefined array key "title_url" in C:\laragon\www\mindu\wp-content\plugins\mindu-core\widgets\image-box.php on line 166
[10-Sep-2026 12:36:01 UTC] PHP Deprecated:  ltrim(): Passing null to parameter #1 ($string) of type string is deprecated in C:\laragon\www\mindu\wp-includes\formatting.php on line 4558
[10-Sep-2026 12:36:01 UTC] PHP Warning:  Undefined array key "title_url" in C:\laragon\www\mindu\wp-content\plugins\mindu-core\widgets\image-box.php on line 166
[10-Sep-2026 12:36:01 UTC] PHP Deprecated:  ltrim(): Passing null to parameter #1 ($string) of type string is deprecated in C:\laragon\www\mindu\wp-includes\formatting.php on line 4558
[10-Sep-2026 12:36:22 UTC] PHP Warning:  Undefined array key "title_url" in C:\laragon\www\mindu\wp-content\plugins\mindu-core\widgets\image-box.php on line 166
[10-Sep-2026 12:36:22 UTC] PHP Deprecated:  ltrim(): Passing null to parameter #1 ($string) of type string is deprecated in C:\laragon\www\mindu\wp-includes\formatting.php on line 4558
[10-Sep-2026 12:36:22 UTC] PHP Warning:  Undefined array key "title_url" in C:\laragon\www\mindu\wp-content\plugins\mindu-core\widgets\image-box.php on line 166
[10-Sep-2026 12:36:22 UTC] PHP Deprecated:  ltrim(): Passing null to parameter #1 ($string) of type string is deprecated in C:\laragon\www\mindu\wp-includes\formatting.php on line 4558
[10-Sep-2026 12:37:33 UTC] PHP Warning:  Undefined array key "title_url" in C:\laragon\www\mindu\wp-content\plugins\mindu-core\widgets\image-box.php on line 166
[10-Sep-2026 12:37:33 UTC] PHP Deprecated:  ltrim(): Passing null to parameter #1 ($string) of type string is deprecated in C:\laragon\www\mindu\wp-includes\formatting.php on line 4558
[10-Sep-2026 12:37:33 UTC] PHP Warning:  Undefined array key "title_url" in C:\laragon\www\mindu\wp-content\plugins\mindu-core\widgets\image-box.php on line 166
[10-Sep-2026 12:37:33 UTC] PHP Deprecated:  ltrim(): Passing null to parameter #1 ($string) of type string is deprecated in C:\laragon\www\mindu\wp-includes\formatting.php on line 4558
[10-Sep-2026 12:38:58 UTC] PHP Warning:  Undefined array key "title_url" in C:\laragon\www\mindu\wp-content\plugins\mindu-core\widgets\image-box.php on line 166
[10-Sep-2026 12:38:58 UTC] PHP Deprecated:  ltrim(): Passing null to parameter #1 ($string) of type string is deprecated in C:\laragon\www\mindu\wp-includes\formatting.php on line 4558
[10-Sep-2026 12:38:58 UTC] PHP Warning:  Undefined array key "title_url" in C:\laragon\www\mindu\wp-content\plugins\mindu-core\widgets\image-box.php on line 166
[10-Sep-2026 12:38:58 UTC] PHP Deprecated:  ltrim(): Passing null to parameter #1 ($string) of type string is deprecated in C:\laragon\www\mindu\wp-includes\formatting.php on line 4558
[10-Sep-2026 12:39:34 UTC] PHP Warning:  Undefined array key "title_url" in C:\laragon\www\mindu\wp-content\plugins\mindu-core\widgets\image-box.php on line 166
[10-Sep-2026 12:39:34 UTC] PHP Deprecated:  ltrim(): Passing null to parameter #1 ($string) of type string is deprecated in C:\laragon\www\mindu\wp-includes\formatting.php on line 4558
[10-Sep-2026 12:39:34 UTC] PHP Warning:  Undefined array key "title_url" in C:\laragon\www\mindu\wp-content\plugins\mindu-core\widgets\image-box.php on line 166
[10-Sep-2026 12:39:34 UTC] PHP Deprecated:  ltrim(): Passing null to parameter #1 ($string) of type string is deprecated in C:\laragon\www\mindu\wp-includes\formatting.php on line 4558
[10-Sep-2026 12:41:17 UTC] PHP Warning:  Undefined array key "title_url" in C:\laragon\www\mindu\wp-content\plugins\mindu-core\widgets\image-box.php on line 166
[10-Sep-2026 12:41:17 UTC] PHP Deprecated:  ltrim(): Passing null to parameter #1 ($string) of type string is deprecated in C:\laragon\www\mindu\wp-includes\formatting.php on line 4558
[10-Sep-2026 12:41:17 UTC] PHP Warning:  Undefined array key "title_url" in C:\laragon\www\mindu\wp-content\plugins\mindu-core\widgets\image-box.php on line 166
[10-Sep-2026 12:41:17 UTC] PHP Deprecated:  ltrim(): Passing null to parameter #1 ($string) of type string is deprecated in C:\laragon\www\mindu\wp-includes\formatting.php on line 4558
[10-Sep-2026 12:42:37 UTC] PHP Warning:  Undefined array key "title_url" in C:\laragon\www\mindu\wp-content\plugins\mindu-core\widgets\image-box.php on line 166
[10-Sep-2026 12:42:37 UTC] PHP Deprecated:  ltrim(): Passing null to parameter #1 ($string) of type string is deprecated in C:\laragon\www\mindu\wp-includes\formatting.php on line 4558
[10-Sep-2026 12:42:37 UTC] PHP Warning:  Undefined array key "title_url" in C:\laragon\www\mindu\wp-content\plugins\mindu-core\widgets\image-box.php on line 166
[10-Sep-2026 12:42:37 UTC] PHP Deprecated:  ltrim(): Passing null to parameter #1 ($string) of type string is deprecated in C:\laragon\www\mindu\wp-includes\formatting.php on line 4558
[10-Sep-2026 12:43:26 UTC] PHP Warning:  Undefined array key "title_url" in C:\laragon\www\mindu\wp-content\plugins\mindu-core\widgets\image-box.php on line 166
[10-Sep-2026 12:43:26 UTC] PHP Deprecated:  ltrim(): Passing null to parameter #1 ($string) of type string is deprecated in C:\laragon\www\mindu\wp-includes\formatting.php on line 4558
[10-Sep-2026 12:43:26 UTC] PHP Warning:  Undefined array key "title_url" in C:\laragon\www\mindu\wp-content\plugins\mindu-core\widgets\image-box.php on line 166
[10-Sep-2026 12:43:26 UTC] PHP Deprecated:  ltrim(): Passing null to parameter #1 ($string) of type string is deprecated in C:\laragon\www\mindu\wp-includes\formatting.php on line 4558
[10-Sep-2026 12:43:44 UTC] PHP Warning:  Undefined array key "title_url" in C:\laragon\www\mindu\wp-content\plugins\mindu-core\widgets\image-box.php on line 166
[10-Sep-2026 12:43:44 UTC] PHP Deprecated:  ltrim(): Passing null to parameter #1 ($string) of type string is deprecated in C:\laragon\www\mindu\wp-includes\formatting.php on line 4558
[10-Sep-2026 12:43:44 UTC] PHP Warning:  Undefined array key "title_url" in C:\laragon\www\mindu\wp-content\plugins\mindu-core\widgets\image-box.php on line 166
[10-Sep-2026 12:43:44 UTC] PHP Deprecated:  ltrim(): Passing null to parameter #1 ($string) of type string is deprecated in C:\laragon\www\mindu\wp-includes\formatting.php on line 4558
[10-Sep-2026 12:44:05 UTC] PHP Warning:  Undefined array key "title_url" in C:\laragon\www\mindu\wp-content\plugins\mindu-core\widgets\image-box.php on line 166
[10-Sep-2026 12:44:05 UTC] PHP Deprecated:  ltrim(): Passing null to parameter #1 ($string) of type string is deprecated in C:\laragon\www\mindu\wp-includes\formatting.php on line 4558
[10-Sep-2026 12:44:05 UTC] PHP Warning:  Undefined array key "title_url" in C:\laragon\www\mindu\wp-content\plugins\mindu-core\widgets\image-box.php on line 166
[10-Sep-2026 12:44:05 UTC] PHP Deprecated:  ltrim(): Passing null to parameter #1 ($string) of type string is deprecated in C:\laragon\www\mindu\wp-includes\formatting.php on line 4558
[10-Sep-2026 12:44:36 UTC] PHP Warning:  Undefined array key "title_url" in C:\laragon\www\mindu\wp-content\plugins\mindu-core\widgets\image-box.php on line 166
[10-Sep-2026 12:44:36 UTC] PHP Deprecated:  ltrim(): Passing null to parameter #1 ($string) of type string is deprecated in C:\laragon\www\mindu\wp-includes\formatting.php on line 4558
[10-Sep-2026 12:44:36 UTC] PHP Warning:  Undefined array key "title_url" in C:\laragon\www\mindu\wp-content\plugins\mindu-core\widgets\image-box.php on line 166
[10-Sep-2026 12:44:36 UTC] PHP Deprecated:  ltrim(): Passing null to parameter #1 ($string) of type string is deprecated in C:\laragon\www\mindu\wp-includes\formatting.php on line 4558
[10-Sep-2026 12:48:55 UTC] PHP Warning:  Undefined array key "title_url" in C:\laragon\www\mindu\wp-content\plugins\mindu-core\widgets\image-box.php on line 166
[10-Sep-2026 12:48:55 UTC] PHP Deprecated:  ltrim(): Passing null to parameter #1 ($string) of type string is deprecated in C:\laragon\www\mindu\wp-includes\formatting.php on line 4558
[10-Sep-2026 12:48:55 UTC] PHP Warning:  Undefined array key "title_url" in C:\laragon\www\mindu\wp-content\plugins\mindu-core\widgets\image-box.php on line 166
[10-Sep-2026 12:48:55 UTC] PHP Deprecated:  ltrim(): Passing null to parameter #1 ($string) of type string is deprecated in C:\laragon\www\mindu\wp-includes\formatting.php on line 4558
[13-Sep-2026 04:07:43 UTC] Automatic updates starting...
[13-Sep-2026 04:07:44 UTC]   Automatic plugin updates starting...
[13-Sep-2026 04:07:44 UTC]   Automatic plugin updates complete.
[13-Sep-2026 04:07:44 UTC]   Automatic theme updates starting...
[13-Sep-2026 04:07:45 UTC]   Automatic theme updates complete.
[13-Sep-2026 04:07:45 UTC] Automatic updates complete.
[13-Sep-2026 04:27:18 UTC] PHP Warning:  Undefined array key "title_url" in C:\laragon\www\mindu\wp-content\plugins\mindu-core\widgets\image-box.php on line 166
[13-Sep-2026 04:27:18 UTC] PHP Deprecated:  ltrim(): Passing null to parameter #1 ($string) of type string is deprecated in C:\laragon\www\mindu\wp-includes\formatting.php on line 4558
[13-Sep-2026 04:27:18 UTC] PHP Warning:  Undefined array key "title_url" in C:\laragon\www\mindu\wp-content\plugins\mindu-core\widgets\image-box.php on line 166
[13-Sep-2026 04:27:18 UTC] PHP Deprecated:  ltrim(): Passing null to parameter #1 ($string) of type string is deprecated in C:\laragon\www\mindu\wp-includes\formatting.php on line 4558
[13-Sep-2026 05:50:28 UTC] Automatic updates starting...
[13-Sep-2026 05:50:28 UTC]   Automatic plugin updates starting...
[13-Sep-2026 05:50:28 UTC]   Automatic plugin updates complete.
[13-Sep-2026 05:50:28 UTC]   Automatic theme updates starting...
[13-Sep-2026 05:50:28 UTC]   Automatic theme updates complete.
[13-Sep-2026 05:50:28 UTC] Automatic updates complete.
[13-Sep-2026 07:38:12 UTC] PHP Warning:  Undefined array key "title_url" in C:\laragon\www\mindu\wp-content\plugins\mindu-core\widgets\image-box.php on line 166
[13-Sep-2026 07:38:12 UTC] PHP Deprecated:  ltrim(): Passing null to parameter #1 ($string) of type string is deprecated in C:\laragon\www\mindu\wp-includes\formatting.php on line 4558
[13-Sep-2026 07:38:12 UTC] PHP Warning:  Undefined array key "title_url" in C:\laragon\www\mindu\wp-content\plugins\mindu-core\widgets\image-box.php on line 166
[13-Sep-2026 07:38:12 UTC] PHP Deprecated:  ltrim(): Passing null to parameter #1 ($string) of type string is deprecated in C:\laragon\www\mindu\wp-includes\formatting.php on line 4558
[13-Sep-2026 07:38:58 UTC] PHP Warning:  Undefined array key "title_url" in C:\laragon\www\mindu\wp-content\plugins\mindu-core\widgets\image-box.php on line 166
[13-Sep-2026 07:38:58 UTC] PHP Deprecated:  ltrim(): Passing null to parameter #1 ($string) of type string is deprecated in C:\laragon\www\mindu\wp-includes\formatting.php on line 4558
[13-Sep-2026 07:38:58 UTC] PHP Warning:  Undefined array key "title_url" in C:\laragon\www\mindu\wp-content\plugins\mindu-core\widgets\image-box.php on line 166
[13-Sep-2026 07:38:58 UTC] PHP Deprecated:  ltrim(): Passing null to parameter #1 ($string) of type string is deprecated in C:\laragon\www\mindu\wp-includes\formatting.php on line 4558
[13-Sep-2026 07:39:58 UTC] PHP Warning:  Undefined array key "title_url" in C:\laragon\www\mindu\wp-content\plugins\mindu-core\widgets\image-box.php on line 166
[13-Sep-2026 07:39:58 UTC] PHP Deprecated:  ltrim(): Passing null to parameter #1 ($string) of type string is deprecated in C:\laragon\www\mindu\wp-includes\formatting.php on line 4558
[13-Sep-2026 07:39:58 UTC] PHP Warning:  Undefined array key "title_url" in C:\laragon\www\mindu\wp-content\plugins\mindu-core\widgets\image-box.php on line 166
[13-Sep-2026 07:39:58 UTC] PHP Deprecated:  ltrim(): Passing null to parameter #1 ($string) of type string is deprecated in C:\laragon\www\mindu\wp-includes\formatting.php on line 4558
[13-Sep-2026 07:40:29 UTC] PHP Warning:  Undefined array key "title_url" in C:\laragon\www\mindu\wp-content\plugins\mindu-core\widgets\image-box.php on line 166
[13-Sep-2026 07:40:29 UTC] PHP Deprecated:  ltrim(): Passing null to parameter #1 ($string) of type string is deprecated in C:\laragon\www\mindu\wp-includes\formatting.php on line 4558
[13-Sep-2026 07:40:29 UTC] PHP Warning:  Undefined array key "title_url" in C:\laragon\www\mindu\wp-content\plugins\mindu-core\widgets\image-box.php on line 166
[13-Sep-2026 07:40:29 UTC] PHP Deprecated:  ltrim(): Passing null to parameter #1 ($string) of type string is deprecated in C:\laragon\www\mindu\wp-includes\formatting.php on line 4558
[13-Sep-2026 09:12:39 UTC] PHP Warning:  Undefined array key "title_url" in C:\laragon\www\mindu\wp-content\plugins\mindu-core\widgets\image-box.php on line 166
[13-Sep-2026 09:12:39 UTC] PHP Deprecated:  ltrim(): Passing null to parameter #1 ($string) of type string is deprecated in C:\laragon\www\mindu\wp-includes\formatting.php on line 4558
[13-Sep-2026 09:12:39 UTC] PHP Warning:  Undefined array key "title_url" in C:\laragon\www\mindu\wp-content\plugins\mindu-core\widgets\image-box.php on line 166
[13-Sep-2026 09:12:39 UTC] PHP Deprecated:  ltrim(): Passing null to parameter #1 ($string) of type string is deprecated in C:\laragon\www\mindu\wp-includes\formatting.php on line 4558
[13-Sep-2026 10:29:06 UTC] PHP Warning:  Undefined array key "title_url" in C:\laragon\www\mindu\wp-content\plugins\mindu-core\widgets\image-box.php on line 166
[13-Sep-2026 10:29:06 UTC] PHP Deprecated:  ltrim(): Passing null to parameter #1 ($string) of type string is deprecated in C:\laragon\www\mindu\wp-includes\formatting.php on line 4558
[13-Sep-2026 10:29:06 UTC] PHP Warning:  Undefined array key "title_url" in C:\laragon\www\mindu\wp-content\plugins\mindu-core\widgets\image-box.php on line 166
[13-Sep-2026 10:29:06 UTC] PHP Deprecated:  ltrim(): Passing null to parameter #1 ($string) of type string is deprecated in C:\laragon\www\mindu\wp-includes\formatting.php on line 4558
[13-Sep-2026 10:30:28 UTC] PHP Warning:  Undefined array key "title_url" in C:\laragon\www\mindu\wp-content\plugins\mindu-core\widgets\image-box.php on line 166
[13-Sep-2026 10:30:28 UTC] PHP Deprecated:  ltrim(): Passing null to parameter #1 ($string) of type string is deprecated in C:\laragon\www\mindu\wp-includes\formatting.php on line 4558
[13-Sep-2026 10:30:28 UTC] PHP Warning:  Undefined array key "title_url" in C:\laragon\www\mindu\wp-content\plugins\mindu-core\widgets\image-box.php on line 166
[13-Sep-2026 10:30:28 UTC] PHP Deprecated:  ltrim(): Passing null to parameter #1 ($string) of type string is deprecated in C:\laragon\www\mindu\wp-includes\formatting.php on line 4558
[13-Sep-2026 10:31:29 UTC] PHP Warning:  Undefined array key "title_url" in C:\laragon\www\mindu\wp-content\plugins\mindu-core\widgets\image-box.php on line 166
[13-Sep-2026 10:31:29 UTC] PHP Deprecated:  ltrim(): Passing null to parameter #1 ($string) of type string is deprecated in C:\laragon\www\mindu\wp-includes\formatting.php on line 4558
[13-Sep-2026 10:31:29 UTC] PHP Warning:  Undefined array key "title_url" in C:\laragon\www\mindu\wp-content\plugins\mindu-core\widgets\image-box.php on line 166
[13-Sep-2026 10:31:29 UTC] PHP Deprecated:  ltrim(): Passing null to parameter #1 ($string) of type string is deprecated in C:\laragon\www\mindu\wp-includes\formatting.php on line 4558
[13-Sep-2026 10:32:05 UTC] PHP Warning:  Undefined array key "title_url" in C:\laragon\www\mindu\wp-content\plugins\mindu-core\widgets\image-box.php on line 166
[13-Sep-2026 10:32:05 UTC] PHP Deprecated:  ltrim(): Passing null to parameter #1 ($string) of type string is deprecated in C:\laragon\www\mindu\wp-includes\formatting.php on line 4558
[13-Sep-2026 10:32:05 UTC] PHP Warning:  Undefined array key "title_url" in C:\laragon\www\mindu\wp-content\plugins\mindu-core\widgets\image-box.php on line 166
[13-Sep-2026 10:32:05 UTC] PHP Deprecated:  ltrim(): Passing null to parameter #1 ($string) of type string is deprecated in C:\laragon\www\mindu\wp-includes\formatting.php on line 4558
[13-Sep-2026 12:39:13 UTC] PHP Warning:  Undefined array key "title_url" in C:\laragon\www\mindu\wp-content\plugins\mindu-core\widgets\image-box.php on line 166
[13-Sep-2026 12:39:13 UTC] PHP Deprecated:  ltrim(): Passing null to parameter #1 ($string) of type string is deprecated in C:\laragon\www\mindu\wp-includes\formatting.php on line 4558
[13-Sep-2026 12:39:13 UTC] PHP Warning:  Undefined array key "title_url" in C:\laragon\www\mindu\wp-content\plugins\mindu-core\widgets\image-box.php on line 166
[13-Sep-2026 12:39:13 UTC] PHP Deprecated:  ltrim(): Passing null to parameter #1 ($string) of type string is deprecated in C:\laragon\www\mindu\wp-includes\formatting.php on line 4558
[13-Sep-2026 12:42:35 UTC] PHP Warning:  Undefined array key "title_url" in C:\laragon\www\mindu\wp-content\plugins\mindu-core\widgets\image-box.php on line 166
[13-Sep-2026 12:42:35 UTC] PHP Deprecated:  ltrim(): Passing null to parameter #1 ($string) of type string is deprecated in C:\laragon\www\mindu\wp-includes\formatting.php on line 4558
[13-Sep-2026 12:42:35 UTC] PHP Warning:  Undefined array key "title_url" in C:\laragon\www\mindu\wp-content\plugins\mindu-core\widgets\image-box.php on line 166
[13-Sep-2026 12:42:35 UTC] PHP Deprecated:  ltrim(): Passing null to parameter #1 ($string) of type string is deprecated in C:\laragon\www\mindu\wp-includes\formatting.php on line 4558
[14-Sep-2026 03:15:01 UTC] Automatic updates starting...
[14-Sep-2026 03:15:02 UTC]   Automatic plugin updates starting...
[14-Sep-2026 03:15:02 UTC]   Automatic plugin updates complete.
[14-Sep-2026 03:15:03 UTC]   Automatic theme updates starting...
[14-Sep-2026 03:15:03 UTC]   Automatic theme updates complete.
[14-Sep-2026 03:15:03 UTC] Automatic updates complete.
[14-Sep-2026 03:15:08 UTC] PHP Warning:  Undefined array key "title_url" in C:\laragon\www\mindu\wp-content\plugins\mindu-core\widgets\image-box.php on line 166
[14-Sep-2026 03:15:08 UTC] PHP Deprecated:  ltrim(): Passing null to parameter #1 ($string) of type string is deprecated in C:\laragon\www\mindu\wp-includes\formatting.php on line 4558
[14-Sep-2026 03:15:08 UTC] PHP Warning:  Undefined array key "title_url" in C:\laragon\www\mindu\wp-content\plugins\mindu-core\widgets\image-box.php on line 166
[14-Sep-2026 03:15:08 UTC] PHP Deprecated:  ltrim(): Passing null to parameter #1 ($string) of type string is deprecated in C:\laragon\www\mindu\wp-includes\formatting.php on line 4558
[14-Sep-2026 03:25:29 UTC] PHP Warning:  Undefined array key "title_url" in C:\laragon\www\mindu\wp-content\plugins\mindu-core\widgets\image-box.php on line 166
[14-Sep-2026 03:25:29 UTC] PHP Deprecated:  ltrim(): Passing null to parameter #1 ($string) of type string is deprecated in C:\laragon\www\mindu\wp-includes\formatting.php on line 4558
[14-Sep-2026 03:25:29 UTC] PHP Warning:  Undefined array key "title_url" in C:\laragon\www\mindu\wp-content\plugins\mindu-core\widgets\image-box.php on line 166
[14-Sep-2026 03:25:29 UTC] PHP Deprecated:  ltrim(): Passing null to parameter #1 ($string) of type string is deprecated in C:\laragon\www\mindu\wp-includes\formatting.php on line 4558
[14-Sep-2026 03:34:07 UTC] PHP Warning:  Undefined array key "title_url" in C:\laragon\www\mindu\wp-content\plugins\mindu-core\widgets\image-box.php on line 166
[14-Sep-2026 03:34:07 UTC] PHP Deprecated:  ltrim(): Passing null to parameter #1 ($string) of type string is deprecated in C:\laragon\www\mindu\wp-includes\formatting.php on line 4558
[14-Sep-2026 03:34:07 UTC] PHP Warning:  Undefined array key "title_url" in C:\laragon\www\mindu\wp-content\plugins\mindu-core\widgets\image-box.php on line 166
[14-Sep-2026 03:34:07 UTC] PHP Deprecated:  ltrim(): Passing null to parameter #1 ($string) of type string is deprecated in C:\laragon\www\mindu\wp-includes\formatting.php on line 4558
[14-Sep-2026 04:18:59 UTC] PHP Warning:  Undefined array key "title_url" in C:\laragon\www\mindu\wp-content\plugins\mindu-core\widgets\image-box.php on line 166
[14-Sep-2026 04:18:59 UTC] PHP Deprecated:  ltrim(): Passing null to parameter #1 ($string) of type string is deprecated in C:\laragon\www\mindu\wp-includes\formatting.php on line 4558
[14-Sep-2026 04:18:59 UTC] PHP Warning:  Undefined array key "title_url" in C:\laragon\www\mindu\wp-content\plugins\mindu-core\widgets\image-box.php on line 166
[14-Sep-2026 04:18:59 UTC] PHP Deprecated:  ltrim(): Passing null to parameter #1 ($string) of type string is deprecated in C:\laragon\www\mindu\wp-includes\formatting.php on line 4558
[14-Sep-2026 05:50:29 UTC] Automatic updates starting...
[14-Sep-2026 05:50:30 UTC]   Automatic plugin updates starting...
[14-Sep-2026 05:50:30 UTC]   Automatic plugin updates complete.
[14-Sep-2026 05:50:31 UTC]   Automatic theme updates starting...
[14-Sep-2026 05:50:31 UTC]   Automatic theme updates complete.
[14-Sep-2026 05:50:31 UTC] Automatic updates complete.
[14-Sep-2026 05:54:39 UTC] PHP Warning:  Undefined array key "title_url" in C:\laragon\www\mindu\wp-content\plugins\mindu-core\widgets\image-box.php on line 166
[14-Sep-2026 05:54:39 UTC] PHP Deprecated:  ltrim(): Passing null to parameter #1 ($string) of type string is deprecated in C:\laragon\www\mindu\wp-includes\formatting.php on line 4558
[14-Sep-2026 05:54:39 UTC] PHP Warning:  Undefined array key "title_url" in C:\laragon\www\mindu\wp-content\plugins\mindu-core\widgets\image-box.php on line 166
[14-Sep-2026 05:54:39 UTC] PHP Deprecated:  ltrim(): Passing null to parameter #1 ($string) of type string is deprecated in C:\laragon\www\mindu\wp-includes\formatting.php on line 4558
[14-Sep-2026 05:54:45 UTC] PHP Warning:  Undefined array key "title_url" in C:\laragon\www\mindu\wp-content\plugins\mindu-core\widgets\image-box.php on line 166
[14-Sep-2026 05:54:45 UTC] PHP Deprecated:  ltrim(): Passing null to parameter #1 ($string) of type string is deprecated in C:\laragon\www\mindu\wp-includes\formatting.php on line 4558
[14-Sep-2026 05:54:45 UTC] PHP Warning:  Undefined array key "title_url" in C:\laragon\www\mindu\wp-content\plugins\mindu-core\widgets\image-box.php on line 166
[14-Sep-2026 05:54:45 UTC] PHP Deprecated:  ltrim(): Passing null to parameter #1 ($string) of type string is deprecated in C:\laragon\www\mindu\wp-includes\formatting.php on line 4558
[14-Sep-2026 05:55:00 UTC] PHP Warning:  Undefined array key "title_url" in C:\laragon\www\mindu\wp-content\plugins\mindu-core\widgets\image-box.php on line 166
[14-Sep-2026 05:55:00 UTC] PHP Deprecated:  ltrim(): Passing null to parameter #1 ($string) of type string is deprecated in C:\laragon\www\mindu\wp-includes\formatting.php on line 4558
[14-Sep-2026 05:55:00 UTC] PHP Warning:  Undefined array key "title_url" in C:\laragon\www\mindu\wp-content\plugins\mindu-core\widgets\image-box.php on line 166
[14-Sep-2026 05:55:00 UTC] PHP Deprecated:  ltrim(): Passing null to parameter #1 ($string) of type string is deprecated in C:\laragon\www\mindu\wp-includes\formatting.php on line 4558
[14-Sep-2026 05:55:05 UTC] PHP Warning:  Undefined array key "title_url" in C:\laragon\www\mindu\wp-content\plugins\mindu-core\widgets\image-box.php on line 166
[14-Sep-2026 05:55:05 UTC] PHP Deprecated:  ltrim(): Passing null to parameter #1 ($string) of type string is deprecated in C:\laragon\www\mindu\wp-includes\formatting.php on line 4558
[14-Sep-2026 05:55:05 UTC] PHP Warning:  Undefined array key "title_url" in C:\laragon\www\mindu\wp-content\plugins\mindu-core\widgets\image-box.php on line 166
[14-Sep-2026 05:55:05 UTC] PHP Deprecated:  ltrim(): Passing null to parameter #1 ($string) of type string is deprecated in C:\laragon\www\mindu\wp-includes\formatting.php on line 4558
[14-Sep-2026 05:55:06 UTC] PHP Warning:  Undefined array key "title_url" in C:\laragon\www\mindu\wp-content\plugins\mindu-core\widgets\image-box.php on line 166
[14-Sep-2026 05:55:06 UTC] PHP Deprecated:  ltrim(): Passing null to parameter #1 ($string) of type string is deprecated in C:\laragon\www\mindu\wp-includes\formatting.php on line 4558
[14-Sep-2026 05:55:06 UTC] PHP Warning:  Undefined array key "title_url" in C:\laragon\www\mindu\wp-content\plugins\mindu-core\widgets\image-box.php on line 166
[14-Sep-2026 05:55:06 UTC] PHP Deprecated:  ltrim(): Passing null to parameter #1 ($string) of type string is deprecated in C:\laragon\www\mindu\wp-includes\formatting.php on line 4558
[14-Sep-2026 05:57:17 UTC] PHP Warning:  Undefined array key "title_url" in C:\laragon\www\mindu\wp-content\plugins\mindu-core\widgets\image-box.php on line 166
[14-Sep-2026 05:57:17 UTC] PHP Deprecated:  ltrim(): Passing null to parameter #1 ($string) of type string is deprecated in C:\laragon\www\mindu\wp-includes\formatting.php on line 4558
[14-Sep-2026 05:57:17 UTC] PHP Warning:  Undefined array key "title_url" in C:\laragon\www\mindu\wp-content\plugins\mindu-core\widgets\image-box.php on line 166
[14-Sep-2026 05:57:17 UTC] PHP Deprecated:  ltrim(): Passing null to parameter #1 ($string) of type string is deprecated in C:\laragon\www\mindu\wp-includes\formatting.php on line 4558
[14-Sep-2026 06:09:11 UTC] PHP Warning:  Undefined array key "title_url" in C:\laragon\www\mindu\wp-content\plugins\mindu-core\widgets\image-box.php on line 166
[14-Sep-2026 06:09:11 UTC] PHP Deprecated:  ltrim(): Passing null to parameter #1 ($string) of type string is deprecated in C:\laragon\www\mindu\wp-includes\formatting.php on line 4558
[14-Sep-2026 06:09:11 UTC] PHP Warning:  Undefined array key "title_url" in C:\laragon\www\mindu\wp-content\plugins\mindu-core\widgets\image-box.php on line 166
[14-Sep-2026 06:09:11 UTC] PHP Deprecated:  ltrim(): Passing null to parameter #1 ($string) of type string is deprecated in C:\laragon\www\mindu\wp-includes\formatting.php on line 4558
[14-Sep-2026 06:09:33 UTC] PHP Warning:  Undefined array key "title_url" in C:\laragon\www\mindu\wp-content\plugins\mindu-core\widgets\image-box.php on line 166
[14-Sep-2026 06:09:33 UTC] PHP Deprecated:  ltrim(): Passing null to parameter #1 ($string) of type string is deprecated in C:\laragon\www\mindu\wp-includes\formatting.php on line 4558
[14-Sep-2026 06:09:33 UTC] PHP Warning:  Undefined array key "title_url" in C:\laragon\www\mindu\wp-content\plugins\mindu-core\widgets\image-box.php on line 166
[14-Sep-2026 06:09:33 UTC] PHP Deprecated:  ltrim(): Passing null to parameter #1 ($string) of type string is deprecated in C:\laragon\www\mindu\wp-includes\formatting.php on line 4558
[14-Sep-2026 06:10:52 UTC] PHP Warning:  Undefined array key "title_url" in C:\laragon\www\mindu\wp-content\plugins\mindu-core\widgets\image-box.php on line 166
[14-Sep-2026 06:10:52 UTC] PHP Deprecated:  ltrim(): Passing null to parameter #1 ($string) of type string is deprecated in C:\laragon\www\mindu\wp-includes\formatting.php on line 4558
[14-Sep-2026 06:10:52 UTC] PHP Warning:  Undefined array key "title_url" in C:\laragon\www\mindu\wp-content\plugins\mindu-core\widgets\image-box.php on line 166
[14-Sep-2026 06:10:52 UTC] PHP Deprecated:  ltrim(): Passing null to parameter #1 ($string) of type string is deprecated in C:\laragon\www\mindu\wp-includes\formatting.php on line 4558
[14-Sep-2026 06:11:04 UTC] PHP Warning:  Undefined array key "title_url" in C:\laragon\www\mindu\wp-content\plugins\mindu-core\widgets\image-box.php on line 166
[14-Sep-2026 06:11:04 UTC] PHP Deprecated:  ltrim(): Passing null to parameter #1 ($string) of type string is deprecated in C:\laragon\www\mindu\wp-includes\formatting.php on line 4558
[14-Sep-2026 06:11:04 UTC] PHP Warning:  Undefined array key "title_url" in C:\laragon\www\mindu\wp-content\plugins\mindu-core\widgets\image-box.php on line 166
[14-Sep-2026 06:11:04 UTC] PHP Deprecated:  ltrim(): Passing null to parameter #1 ($string) of type string is deprecated in C:\laragon\www\mindu\wp-includes\formatting.php on line 4558
[14-Sep-2026 06:11:14 UTC] PHP Warning:  Undefined array key "title_url" in C:\laragon\www\mindu\wp-content\plugins\mindu-core\widgets\image-box.php on line 166
[14-Sep-2026 06:11:14 UTC] PHP Deprecated:  ltrim(): Passing null to parameter #1 ($string) of type string is deprecated in C:\laragon\www\mindu\wp-includes\formatting.php on line 4558
[14-Sep-2026 06:11:14 UTC] PHP Warning:  Undefined array key "title_url" in C:\laragon\www\mindu\wp-content\plugins\mindu-core\widgets\image-box.php on line 166
[14-Sep-2026 06:11:14 UTC] PHP Deprecated:  ltrim(): Passing null to parameter #1 ($string) of type string is deprecated in C:\laragon\www\mindu\wp-includes\formatting.php on line 4558
[14-Sep-2026 06:12:25 UTC] PHP Notice:  Function WP_Scripts::localize was called <strong>incorrectly</strong>. The <code>$l10n</code> parameter must be an array. To pass arbitrary data to scripts, use the <code>wp_add_inline_script()</code> function instead. Please see <a href="https://developer.wordpress.org/advanced-administration/debug/debug-wordpress/">Debugging in WordPress</a> for more information. (This message was added in version 5.7.0.) in C:\laragon\www\mindu\wp-includes\functions.php on line 6260
[14-Sep-2026 06:15:46 UTC] PHP Warning:  Undefined array key "title_url" in C:\laragon\www\mindu\wp-content\plugins\mindu-core\widgets\image-box.php on line 166
[14-Sep-2026 06:15:46 UTC] PHP Deprecated:  ltrim(): Passing null to parameter #1 ($string) of type string is deprecated in C:\laragon\www\mindu\wp-includes\formatting.php on line 4558
[14-Sep-2026 06:15:46 UTC] PHP Warning:  Undefined array key "title_url" in C:\laragon\www\mindu\wp-content\plugins\mindu-core\widgets\image-box.php on line 166
[14-Sep-2026 06:15:46 UTC] PHP Deprecated:  ltrim(): Passing null to parameter #1 ($string) of type string is deprecated in C:\laragon\www\mindu\wp-includes\formatting.php on line 4558
[14-Sep-2026 06:15:47 UTC] PHP Warning:  Undefined array key "title_url" in C:\laragon\www\mindu\wp-content\plugins\mindu-core\widgets\image-box.php on line 166
[14-Sep-2026 06:15:47 UTC] PHP Deprecated:  ltrim(): Passing null to parameter #1 ($string) of type string is deprecated in C:\laragon\www\mindu\wp-includes\formatting.php on line 4558
[14-Sep-2026 06:15:47 UTC] PHP Warning:  Undefined array key "title_url" in C:\laragon\www\mindu\wp-content\plugins\mindu-core\widgets\image-box.php on line 166
[14-Sep-2026 06:15:47 UTC] PHP Deprecated:  ltrim(): Passing null to parameter #1 ($string) of type string is deprecated in C:\laragon\www\mindu\wp-includes\formatting.php on line 4558
[14-Sep-2026 06:22:47 UTC] PHP Notice:  Function WP_Scripts::localize was called <strong>incorrectly</strong>. The <code>$l10n</code> parameter must be an array. To pass arbitrary data to scripts, use the <code>wp_add_inline_script()</code> function instead. Please see <a href="https://developer.wordpress.org/advanced-administration/debug/debug-wordpress/">Debugging in WordPress</a> for more information. (This message was added in version 5.7.0.) in C:\laragon\www\mindu\wp-includes\functions.php on line 6260
[14-Sep-2026 09:44:15 UTC] PHP Warning:  Undefined array key "title_url" in C:\laragon\www\mindu\wp-content\plugins\mindu-core\widgets\image-box.php on line 166
[14-Sep-2026 09:44:15 UTC] PHP Deprecated:  ltrim(): Passing null to parameter #1 ($string) of type string is deprecated in C:\laragon\www\mindu\wp-includes\formatting.php on line 4558
[14-Sep-2026 09:44:15 UTC] PHP Warning:  Undefined array key "title_url" in C:\laragon\www\mindu\wp-content\plugins\mindu-core\widgets\image-box.php on line 166
[14-Sep-2026 09:44:15 UTC] PHP Deprecated:  ltrim(): Passing null to parameter #1 ($string) of type string is deprecated in C:\laragon\www\mindu\wp-includes\formatting.php on line 4558
[14-Sep-2026 09:44:21 UTC] PHP Warning:  Undefined array key "title_url" in C:\laragon\www\mindu\wp-content\plugins\mindu-core\widgets\image-box.php on line 166
[14-Sep-2026 09:44:21 UTC] PHP Deprecated:  ltrim(): Passing null to parameter #1 ($string) of type string is deprecated in C:\laragon\www\mindu\wp-includes\formatting.php on line 4558
[14-Sep-2026 09:44:21 UTC] PHP Warning:  Undefined array key "title_url" in C:\laragon\www\mindu\wp-content\plugins\mindu-core\widgets\image-box.php on line 166
[14-Sep-2026 09:44:21 UTC] PHP Deprecated:  ltrim(): Passing null to parameter #1 ($string) of type string is deprecated in C:\laragon\www\mindu\wp-includes\formatting.php on line 4558
[14-Sep-2026 09:44:47 UTC] PHP Warning:  Undefined array key "title_url" in C:\laragon\www\mindu\wp-content\plugins\mindu-core\widgets\image-box.php on line 166
[14-Sep-2026 09:44:47 UTC] PHP Deprecated:  ltrim(): Passing null to parameter #1 ($string) of type string is deprecated in C:\laragon\www\mindu\wp-includes\formatting.php on line 4558
[14-Sep-2026 09:44:47 UTC] PHP Warning:  Undefined array key "title_url" in C:\laragon\www\mindu\wp-content\plugins\mindu-core\widgets\image-box.php on line 166
[14-Sep-2026 09:44:47 UTC] PHP Deprecated:  ltrim(): Passing null to parameter #1 ($string) of type string is deprecated in C:\laragon\www\mindu\wp-includes\formatting.php on line 4558
[14-Sep-2026 09:44:59 UTC] PHP Warning:  Undefined array key "title_url" in C:\laragon\www\mindu\wp-content\plugins\mindu-core\widgets\image-box.php on line 166
[14-Sep-2026 09:44:59 UTC] PHP Deprecated:  ltrim(): Passing null to parameter #1 ($string) of type string is deprecated in C:\laragon\www\mindu\wp-includes\formatting.php on line 4558
[14-Sep-2026 09:44:59 UTC] PHP Warning:  Undefined array key "title_url" in C:\laragon\www\mindu\wp-content\plugins\mindu-core\widgets\image-box.php on line 166
[14-Sep-2026 09:44:59 UTC] PHP Deprecated:  ltrim(): Passing null to parameter #1 ($string) of type string is deprecated in C:\laragon\www\mindu\wp-includes\formatting.php on line 4558
[14-Sep-2026 09:45:26 UTC] PHP Notice:  Function WP_Scripts::localize was called <strong>incorrectly</strong>. The <code>$l10n</code> parameter must be an array. To pass arbitrary data to scripts, use the <code>wp_add_inline_script()</code> function instead. Please see <a href="https://developer.wordpress.org/advanced-administration/debug/debug-wordpress/">Debugging in WordPress</a> for more information. (This message was added in version 5.7.0.) in C:\laragon\www\mindu\wp-includes\functions.php on line 6260
[14-Sep-2026 09:46:04 UTC] PHP Notice:  Function WP_Scripts::localize was called <strong>incorrectly</strong>. The <code>$l10n</code> parameter must be an array. To pass arbitrary data to scripts, use the <code>wp_add_inline_script()</code> function instead. Please see <a href="https://developer.wordpress.org/advanced-administration/debug/debug-wordpress/">Debugging in WordPress</a> for more information. (This message was added in version 5.7.0.) in C:\laragon\www\mindu\wp-includes\functions.php on line 6260
[14-Sep-2026 09:48:42 UTC] PHP Warning:  Undefined array key "title_url" in C:\laragon\www\mindu\wp-content\plugins\mindu-core\widgets\image-box.php on line 166
[14-Sep-2026 09:48:42 UTC] PHP Deprecated:  ltrim(): Passing null to parameter #1 ($string) of type string is deprecated in C:\laragon\www\mindu\wp-includes\formatting.php on line 4558
[14-Sep-2026 09:48:42 UTC] PHP Warning:  Undefined array key "title_url" in C:\laragon\www\mindu\wp-content\plugins\mindu-core\widgets\image-box.php on line 166
[14-Sep-2026 09:48:42 UTC] PHP Deprecated:  ltrim(): Passing null to parameter #1 ($string) of type string is deprecated in C:\laragon\www\mindu\wp-includes\formatting.php on line 4558
[14-Sep-2026 09:49:04 UTC] PHP Warning:  Undefined array key "title_url" in C:\laragon\www\mindu\wp-content\plugins\mindu-core\widgets\image-box.php on line 166
[14-Sep-2026 09:49:04 UTC] PHP Deprecated:  ltrim(): Passing null to parameter #1 ($string) of type string is deprecated in C:\laragon\www\mindu\wp-includes\formatting.php on line 4558
[14-Sep-2026 09:49:04 UTC] PHP Warning:  Undefined array key "title_url" in C:\laragon\www\mindu\wp-content\plugins\mindu-core\widgets\image-box.php on line 166
[14-Sep-2026 09:49:04 UTC] PHP Deprecated:  ltrim(): Passing null to parameter #1 ($string) of type string is deprecated in C:\laragon\www\mindu\wp-includes\formatting.php on line 4558
[14-Sep-2026 09:50:51 UTC] PHP Warning:  Undefined array key "title_url" in C:\laragon\www\mindu\wp-content\plugins\mindu-core\widgets\image-box.php on line 166
[14-Sep-2026 09:50:51 UTC] PHP Deprecated:  ltrim(): Passing null to parameter #1 ($string) of type string is deprecated in C:\laragon\www\mindu\wp-includes\formatting.php on line 4558
[14-Sep-2026 09:50:51 UTC] PHP Warning:  Undefined array key "title_url" in C:\laragon\www\mindu\wp-content\plugins\mindu-core\widgets\image-box.php on line 166
[14-Sep-2026 09:50:51 UTC] PHP Deprecated:  ltrim(): Passing null to parameter #1 ($string) of type string is deprecated in C:\laragon\www\mindu\wp-includes\formatting.php on line 4558
[14-Sep-2026 09:52:17 UTC] PHP Notice:  Function WP_Scripts::localize was called <strong>incorrectly</strong>. The <code>$l10n</code> parameter must be an array. To pass arbitrary data to scripts, use the <code>wp_add_inline_script()</code> function instead. Please see <a href="https://developer.wordpress.org/advanced-administration/debug/debug-wordpress/">Debugging in WordPress</a> for more information. (This message was added in version 5.7.0.) in C:\laragon\www\mindu\wp-includes\functions.php on line 6260
[14-Sep-2026 09:52:39 UTC] PHP Warning:  Undefined array key "title_url" in C:\laragon\www\mindu\wp-content\plugins\mindu-core\widgets\image-box.php on line 166
[14-Sep-2026 09:52:39 UTC] PHP Deprecated:  ltrim(): Passing null to parameter #1 ($string) of type string is deprecated in C:\laragon\www\mindu\wp-includes\formatting.php on line 4558
[14-Sep-2026 09:52:39 UTC] PHP Warning:  Undefined array key "title_url" in C:\laragon\www\mindu\wp-content\plugins\mindu-core\widgets\image-box.php on line 166
[14-Sep-2026 09:52:39 UTC] PHP Deprecated:  ltrim(): Passing null to parameter #1 ($string) of type string is deprecated in C:\laragon\www\mindu\wp-includes\formatting.php on line 4558
[14-Sep-2026 09:52:47 UTC] PHP Warning:  Undefined array key "title_url" in C:\laragon\www\mindu\wp-content\plugins\mindu-core\widgets\image-box.php on line 166
[14-Sep-2026 09:52:47 UTC] PHP Deprecated:  ltrim(): Passing null to parameter #1 ($string) of type string is deprecated in C:\laragon\www\mindu\wp-includes\formatting.php on line 4558
[14-Sep-2026 09:52:47 UTC] PHP Warning:  Undefined array key "title_url" in C:\laragon\www\mindu\wp-content\plugins\mindu-core\widgets\image-box.php on line 166
[14-Sep-2026 09:52:47 UTC] PHP Deprecated:  ltrim(): Passing null to parameter #1 ($string) of type string is deprecated in C:\laragon\www\mindu\wp-includes\formatting.php on line 4558
[14-Sep-2026 09:53:30 UTC] PHP Notice:  Function WP_Scripts::localize was called <strong>incorrectly</strong>. The <code>$l10n</code> parameter must be an array. To pass arbitrary data to scripts, use the <code>wp_add_inline_script()</code> function instead. Please see <a href="https://developer.wordpress.org/advanced-administration/debug/debug-wordpress/">Debugging in WordPress</a> for more information. (This message was added in version 5.7.0.) in C:\laragon\www\mindu\wp-includes\functions.php on line 6260
[14-Sep-2026 09:55:09 UTC] PHP Warning:  Undefined array key "title_url" in C:\laragon\www\mindu\wp-content\plugins\mindu-core\widgets\image-box.php on line 166
[14-Sep-2026 09:55:09 UTC] PHP Deprecated:  ltrim(): Passing null to parameter #1 ($string) of type string is deprecated in C:\laragon\www\mindu\wp-includes\formatting.php on line 4558
[14-Sep-2026 09:55:09 UTC] PHP Warning:  Undefined array key "title_url" in C:\laragon\www\mindu\wp-content\plugins\mindu-core\widgets\image-box.php on line 166
[14-Sep-2026 09:55:09 UTC] PHP Deprecated:  ltrim(): Passing null to parameter #1 ($string) of type string is deprecated in C:\laragon\www\mindu\wp-includes\formatting.php on line 4558
[14-Sep-2026 09:56:28 UTC] PHP Warning:  Undefined array key "title_url" in C:\laragon\www\mindu\wp-content\plugins\mindu-core\widgets\image-box.php on line 166
[14-Sep-2026 09:56:28 UTC] PHP Deprecated:  ltrim(): Passing null to parameter #1 ($string) of type string is deprecated in C:\laragon\www\mindu\wp-includes\formatting.php on line 4558
[14-Sep-2026 09:56:28 UTC] PHP Warning:  Undefined array key "title_url" in C:\laragon\www\mindu\wp-content\plugins\mindu-core\widgets\image-box.php on line 166
[14-Sep-2026 09:56:28 UTC] PHP Deprecated:  ltrim(): Passing null to parameter #1 ($string) of type string is deprecated in C:\laragon\www\mindu\wp-includes\formatting.php on line 4558
[14-Sep-2026 09:56:29 UTC] PHP Warning:  Undefined array key "title_url" in C:\laragon\www\mindu\wp-content\plugins\mindu-core\widgets\image-box.php on line 166
[14-Sep-2026 09:56:29 UTC] PHP Deprecated:  ltrim(): Passing null to parameter #1 ($string) of type string is deprecated in C:\laragon\www\mindu\wp-includes\formatting.php on line 4558
[14-Sep-2026 09:56:29 UTC] PHP Warning:  Undefined array key "title_url" in C:\laragon\www\mindu\wp-content\plugins\mindu-core\widgets\image-box.php on line 166
[14-Sep-2026 09:56:29 UTC] PHP Deprecated:  ltrim(): Passing null to parameter #1 ($string) of type string is deprecated in C:\laragon\www\mindu\wp-includes\formatting.php on line 4558
[14-Sep-2026 09:56:55 UTC] PHP Warning:  Undefined array key "title_url" in C:\laragon\www\mindu\wp-content\plugins\mindu-core\widgets\image-box.php on line 166
[14-Sep-2026 09:56:55 UTC] PHP Deprecated:  ltrim(): Passing null to parameter #1 ($string) of type string is deprecated in C:\laragon\www\mindu\wp-includes\formatting.php on line 4558
[14-Sep-2026 09:56:55 UTC] PHP Warning:  Undefined array key "title_url" in C:\laragon\www\mindu\wp-content\plugins\mindu-core\widgets\image-box.php on line 166
[14-Sep-2026 09:56:55 UTC] PHP Deprecated:  ltrim(): Passing null to parameter #1 ($string) of type string is deprecated in C:\laragon\www\mindu\wp-includes\formatting.php on line 4558
[14-Sep-2026 09:59:30 UTC] PHP Warning:  Undefined array key "title_url" in C:\laragon\www\mindu\wp-content\plugins\mindu-core\widgets\image-box.php on line 166
[14-Sep-2026 09:59:30 UTC] PHP Deprecated:  ltrim(): Passing null to parameter #1 ($string) of type string is deprecated in C:\laragon\www\mindu\wp-includes\formatting.php on line 4558
[14-Sep-2026 09:59:30 UTC] PHP Warning:  Undefined array key "title_url" in C:\laragon\www\mindu\wp-content\plugins\mindu-core\widgets\image-box.php on line 166
[14-Sep-2026 09:59:30 UTC] PHP Deprecated:  ltrim(): Passing null to parameter #1 ($string) of type string is deprecated in C:\laragon\www\mindu\wp-includes\formatting.php on line 4558
[14-Sep-2026 10:05:21 UTC] PHP Warning:  Undefined array key "title_url" in C:\laragon\www\mindu\wp-content\plugins\mindu-core\widgets\image-box.php on line 166
[14-Sep-2026 10:05:21 UTC] PHP Deprecated:  ltrim(): Passing null to parameter #1 ($string) of type string is deprecated in C:\laragon\www\mindu\wp-includes\formatting.php on line 4558
[14-Sep-2026 10:05:21 UTC] PHP Warning:  Undefined array key "title_url" in C:\laragon\www\mindu\wp-content\plugins\mindu-core\widgets\image-box.php on line 166
[14-Sep-2026 10:05:21 UTC] PHP Deprecated:  ltrim(): Passing null to parameter #1 ($string) of type string is deprecated in C:\laragon\www\mindu\wp-includes\formatting.php on line 4558
[14-Sep-2026 10:12:22 UTC] PHP Warning:  Undefined array key "title_url" in C:\laragon\www\mindu\wp-content\plugins\mindu-core\widgets\image-box.php on line 166
[14-Sep-2026 10:12:22 UTC] PHP Deprecated:  ltrim(): Passing null to parameter #1 ($string) of type string is deprecated in C:\laragon\www\mindu\wp-includes\formatting.php on line 4558
[14-Sep-2026 10:12:22 UTC] PHP Warning:  Undefined array key "title_url" in C:\laragon\www\mindu\wp-content\plugins\mindu-core\widgets\image-box.php on line 166
[14-Sep-2026 10:12:22 UTC] PHP Deprecated:  ltrim(): Passing null to parameter #1 ($string) of type string is deprecated in C:\laragon\www\mindu\wp-includes\formatting.php on line 4558
[14-Sep-2026 10:52:30 UTC] PHP Warning:  Undefined array key 0 in C:\laragon\www\mindu\wp-content\themes\mindu\template-parts\blog\blog-meta.php on line 19
[14-Sep-2026 10:52:30 UTC] PHP Warning:  Attempt to read property "name" on null in C:\laragon\www\mindu\wp-content\themes\mindu\template-parts\blog\blog-meta.php on line 19
[14-Sep-2026 10:52:30 UTC] PHP Warning:  foreach() argument must be of type array|object, bool given in C:\laragon\www\mindu\wp-content\themes\mindu\include\theme-helper.php on line 200
[14-Sep-2026 10:52:47 UTC] PHP Warning:  Undefined array key 0 in C:\laragon\www\mindu\wp-content\themes\mindu\template-parts\blog\blog-meta.php on line 19
[14-Sep-2026 10:52:47 UTC] PHP Warning:  Attempt to read property "name" on null in C:\laragon\www\mindu\wp-content\themes\mindu\template-parts\blog\blog-meta.php on line 19
[14-Sep-2026 10:52:47 UTC] PHP Warning:  foreach() argument must be of type array|object, bool given in C:\laragon\www\mindu\wp-content\themes\mindu\include\theme-helper.php on line 200
[14-Sep-2026 10:53:00 UTC] PHP Warning:  Undefined array key 0 in C:\laragon\www\mindu\wp-content\themes\mindu\template-parts\blog\blog-meta.php on line 19
[14-Sep-2026 10:53:00 UTC] PHP Warning:  Attempt to read property "name" on null in C:\laragon\www\mindu\wp-content\themes\mindu\template-parts\blog\blog-meta.php on line 19
[14-Sep-2026 10:53:00 UTC] PHP Warning:  foreach() argument must be of type array|object, bool given in C:\laragon\www\mindu\wp-content\themes\mindu\include\theme-helper.php on line 200
[14-Sep-2026 10:55:17 UTC] PHP Warning:  Undefined array key "title_url" in C:\laragon\www\mindu\wp-content\plugins\mindu-core\widgets\image-box.php on line 166
[14-Sep-2026 10:55:17 UTC] PHP Deprecated:  ltrim(): Passing null to parameter #1 ($string) of type string is deprecated in C:\laragon\www\mindu\wp-includes\formatting.php on line 4558
[14-Sep-2026 10:55:17 UTC] PHP Warning:  Undefined array key "title_url" in C:\laragon\www\mindu\wp-content\plugins\mindu-core\widgets\image-box.php on line 166
[14-Sep-2026 10:55:17 UTC] PHP Deprecated:  ltrim(): Passing null to parameter #1 ($string) of type string is deprecated in C:\laragon\www\mindu\wp-includes\formatting.php on line 4558
[14-Sep-2026 10:57:27 UTC] PHP Warning:  Undefined array key "title_url" in C:\laragon\www\mindu\wp-content\plugins\mindu-core\widgets\image-box.php on line 166
[14-Sep-2026 10:57:27 UTC] PHP Deprecated:  ltrim(): Passing null to parameter #1 ($string) of type string is deprecated in C:\laragon\www\mindu\wp-includes\formatting.php on line 4558
[14-Sep-2026 10:57:27 UTC] PHP Warning:  Undefined array key "title_url" in C:\laragon\www\mindu\wp-content\plugins\mindu-core\widgets\image-box.php on line 166
[14-Sep-2026 10:57:27 UTC] PHP Deprecated:  ltrim(): Passing null to parameter #1 ($string) of type string is deprecated in C:\laragon\www\mindu\wp-includes\formatting.php on line 4558
[14-Sep-2026 10:57:49 UTC] PHP Warning:  Undefined array key "title_url" in C:\laragon\www\mindu\wp-content\plugins\mindu-core\widgets\image-box.php on line 166
[14-Sep-2026 10:57:49 UTC] PHP Deprecated:  ltrim(): Passing null to parameter #1 ($string) of type string is deprecated in C:\laragon\www\mindu\wp-includes\formatting.php on line 4558
[14-Sep-2026 10:57:49 UTC] PHP Warning:  Undefined array key "title_url" in C:\laragon\www\mindu\wp-content\plugins\mindu-core\widgets\image-box.php on line 166
[14-Sep-2026 10:57:49 UTC] PHP Deprecated:  ltrim(): Passing null to parameter #1 ($string) of type string is deprecated in C:\laragon\www\mindu\wp-includes\formatting.php on line 4558
[14-Sep-2026 10:58:29 UTC] PHP Warning:  Undefined array key "title_url" in C:\laragon\www\mindu\wp-content\plugins\mindu-core\widgets\image-box.php on line 166
[14-Sep-2026 10:58:29 UTC] PHP Deprecated:  ltrim(): Passing null to parameter #1 ($string) of type string is deprecated in C:\laragon\www\mindu\wp-includes\formatting.php on line 4558
[14-Sep-2026 10:58:29 UTC] PHP Warning:  Undefined array key "title_url" in C:\laragon\www\mindu\wp-content\plugins\mindu-core\widgets\image-box.php on line 166
[14-Sep-2026 10:58:29 UTC] PHP Deprecated:  ltrim(): Passing null to parameter #1 ($string) of type string is deprecated in C:\laragon\www\mindu\wp-includes\formatting.php on line 4558
[15-Sep-2026 03:26:50 UTC] Automatic updates starting...
[15-Sep-2026 03:26:51 UTC]   Automatic plugin updates starting...
[15-Sep-2026 03:26:51 UTC]   Automatic plugin updates complete.
[15-Sep-2026 03:26:52 UTC]   Automatic theme updates starting...
[15-Sep-2026 03:26:52 UTC]   Automatic theme updates complete.
[15-Sep-2026 03:26:52 UTC] Automatic updates complete.
[15-Sep-2026 03:33:29 UTC] PHP Warning:  Undefined array key "title_url" in C:\laragon\www\mindu\wp-content\plugins\mindu-core\widgets\image-box.php on line 166
[15-Sep-2026 03:33:29 UTC] PHP Deprecated:  ltrim(): Passing null to parameter #1 ($string) of type string is deprecated in C:\laragon\www\mindu\wp-includes\formatting.php on line 4558
[15-Sep-2026 03:33:29 UTC] PHP Warning:  Undefined array key "title_url" in C:\laragon\www\mindu\wp-content\plugins\mindu-core\widgets\image-box.php on line 166
[15-Sep-2026 03:33:29 UTC] PHP Deprecated:  ltrim(): Passing null to parameter #1 ($string) of type string is deprecated in C:\laragon\www\mindu\wp-includes\formatting.php on line 4558
[15-Sep-2026 04:08:00 UTC] PHP Parse error:  syntax error, unexpected token "protected", expecting end of file in C:\laragon\www\mindu\wp-content\plugins\mindu-core\widgets\header-menu.php on line 279
[15-Sep-2026 04:13:21 UTC] PHP Warning:  Undefined array key "title_url" in C:\laragon\www\mindu\wp-content\plugins\mindu-core\widgets\image-box.php on line 166
[15-Sep-2026 04:13:21 UTC] PHP Deprecated:  ltrim(): Passing null to parameter #1 ($string) of type string is deprecated in C:\laragon\www\mindu\wp-includes\formatting.php on line 4558
[15-Sep-2026 04:13:21 UTC] PHP Warning:  Undefined array key "title_url" in C:\laragon\www\mindu\wp-content\plugins\mindu-core\widgets\image-box.php on line 166
[15-Sep-2026 04:13:21 UTC] PHP Deprecated:  ltrim(): Passing null to parameter #1 ($string) of type string is deprecated in C:\laragon\www\mindu\wp-includes\formatting.php on line 4558
[15-Sep-2026 04:13:44 UTC] PHP Warning:  Undefined array key "title_url" in C:\laragon\www\mindu\wp-content\plugins\mindu-core\widgets\image-box.php on line 166
[15-Sep-2026 04:13:44 UTC] PHP Deprecated:  ltrim(): Passing null to parameter #1 ($string) of type string is deprecated in C:\laragon\www\mindu\wp-includes\formatting.php on line 4558
[15-Sep-2026 04:13:44 UTC] PHP Warning:  Undefined array key "title_url" in C:\laragon\www\mindu\wp-content\plugins\mindu-core\widgets\image-box.php on line 166
[15-Sep-2026 04:13:44 UTC] PHP Deprecated:  ltrim(): Passing null to parameter #1 ($string) of type string is deprecated in C:\laragon\www\mindu\wp-includes\formatting.php on line 4558
[15-Sep-2026 04:14:23 UTC] PHP Warning:  Undefined array key "title_url" in C:\laragon\www\mindu\wp-content\plugins\mindu-core\widgets\image-box.php on line 166
[15-Sep-2026 04:14:23 UTC] PHP Deprecated:  ltrim(): Passing null to parameter #1 ($string) of type string is deprecated in C:\laragon\www\mindu\wp-includes\formatting.php on line 4558
[15-Sep-2026 04:14:23 UTC] PHP Warning:  Undefined array key "title_url" in C:\laragon\www\mindu\wp-content\plugins\mindu-core\widgets\image-box.php on line 166
[15-Sep-2026 04:14:23 UTC] PHP Deprecated:  ltrim(): Passing null to parameter #1 ($string) of type string is deprecated in C:\laragon\www\mindu\wp-includes\formatting.php on line 4558
[15-Sep-2026 04:14:50 UTC] PHP Warning:  Undefined array key "title_url" in C:\laragon\www\mindu\wp-content\plugins\mindu-core\widgets\image-box.php on line 166
[15-Sep-2026 04:14:50 UTC] PHP Deprecated:  ltrim(): Passing null to parameter #1 ($string) of type string is deprecated in C:\laragon\www\mindu\wp-includes\formatting.php on line 4558
[15-Sep-2026 04:14:50 UTC] PHP Warning:  Undefined array key "title_url" in C:\laragon\www\mindu\wp-content\plugins\mindu-core\widgets\image-box.php on line 166
[15-Sep-2026 04:14:50 UTC] PHP Deprecated:  ltrim(): Passing null to parameter #1 ($string) of type string is deprecated in C:\laragon\www\mindu\wp-includes\formatting.php on line 4558
[15-Sep-2026 04:35:28 UTC] PHP Warning:  Undefined array key "title_url" in C:\laragon\www\mindu\wp-content\plugins\mindu-core\widgets\image-box.php on line 166
[15-Sep-2026 04:35:28 UTC] PHP Deprecated:  ltrim(): Passing null to parameter #1 ($string) of type string is deprecated in C:\laragon\www\mindu\wp-includes\formatting.php on line 4558
[15-Sep-2026 04:35:28 UTC] PHP Warning:  Undefined array key "title_url" in C:\laragon\www\mindu\wp-content\plugins\mindu-core\widgets\image-box.php on line 166
[15-Sep-2026 04:35:28 UTC] PHP Deprecated:  ltrim(): Passing null to parameter #1 ($string) of type string is deprecated in C:\laragon\www\mindu\wp-includes\formatting.php on line 4558
[15-Sep-2026 04:38:22 UTC] PHP Warning:  Undefined array key "title_url" in C:\laragon\www\mindu\wp-content\plugins\mindu-core\widgets\image-box.php on line 166
[15-Sep-2026 04:38:22 UTC] PHP Deprecated:  ltrim(): Passing null to parameter #1 ($string) of type string is deprecated in C:\laragon\www\mindu\wp-includes\formatting.php on line 4558
[15-Sep-2026 04:38:22 UTC] PHP Warning:  Undefined array key "title_url" in C:\laragon\www\mindu\wp-content\plugins\mindu-core\widgets\image-box.php on line 166
[15-Sep-2026 04:38:22 UTC] PHP Deprecated:  ltrim(): Passing null to parameter #1 ($string) of type string is deprecated in C:\laragon\www\mindu\wp-includes\formatting.php on line 4558
[15-Sep-2026 05:08:39 UTC] PHP Warning:  Undefined array key "title_url" in C:\laragon\www\mindu\wp-content\plugins\mindu-core\widgets\image-box.php on line 166
[15-Sep-2026 05:08:39 UTC] PHP Deprecated:  ltrim(): Passing null to parameter #1 ($string) of type string is deprecated in C:\laragon\www\mindu\wp-includes\formatting.php on line 4558
[15-Sep-2026 05:08:39 UTC] PHP Warning:  Undefined array key "title_url" in C:\laragon\www\mindu\wp-content\plugins\mindu-core\widgets\image-box.php on line 166
[15-Sep-2026 05:08:39 UTC] PHP Deprecated:  ltrim(): Passing null to parameter #1 ($string) of type string is deprecated in C:\laragon\www\mindu\wp-includes\formatting.php on line 4558
[15-Sep-2026 05:09:04 UTC] PHP Warning:  Undefined array key "title_url" in C:\laragon\www\mindu\wp-content\plugins\mindu-core\widgets\image-box.php on line 166
[15-Sep-2026 05:09:04 UTC] PHP Deprecated:  ltrim(): Passing null to parameter #1 ($string) of type string is deprecated in C:\laragon\www\mindu\wp-includes\formatting.php on line 4558
[15-Sep-2026 05:09:04 UTC] PHP Warning:  Undefined array key "title_url" in C:\laragon\www\mindu\wp-content\plugins\mindu-core\widgets\image-box.php on line 166
[15-Sep-2026 05:09:04 UTC] PHP Deprecated:  ltrim(): Passing null to parameter #1 ($string) of type string is deprecated in C:\laragon\www\mindu\wp-includes\formatting.php on line 4558
[15-Sep-2026 05:10:15 UTC] PHP Warning:  Undefined array key "title_url" in C:\laragon\www\mindu\wp-content\plugins\mindu-core\widgets\image-box.php on line 166
[15-Sep-2026 05:10:15 UTC] PHP Deprecated:  ltrim(): Passing null to parameter #1 ($string) of type string is deprecated in C:\laragon\www\mindu\wp-includes\formatting.php on line 4558
[15-Sep-2026 05:10:15 UTC] PHP Warning:  Undefined array key "title_url" in C:\laragon\www\mindu\wp-content\plugins\mindu-core\widgets\image-box.php on line 166
[15-Sep-2026 05:10:15 UTC] PHP Deprecated:  ltrim(): Passing null to parameter #1 ($string) of type string is deprecated in C:\laragon\www\mindu\wp-includes\formatting.php on line 4558
[15-Sep-2026 05:23:05 UTC] PHP Parse error:  syntax error, unexpected token "<", expecting "]" in C:\laragon\www\mindu\wp-content\plugins\mindu-core\inc\trait\style-trait\icon-style-trait.php on line 21
[15-Sep-2026 05:23:05 UTC] PHP Parse error:  syntax error, unexpected token "<", expecting "]" in C:\laragon\www\mindu\wp-content\plugins\mindu-core\inc\trait\style-trait\icon-style-trait.php on line 21
[15-Sep-2026 05:23:05 UTC] PHP Parse error:  syntax error, unexpected token "<", expecting "]" in C:\laragon\www\mindu\wp-content\plugins\mindu-core\inc\trait\style-trait\icon-style-trait.php on line 21
[15-Sep-2026 05:23:05 UTC] PHP Parse error:  syntax error, unexpected token "<", expecting "]" in C:\laragon\www\mindu\wp-content\plugins\mindu-core\inc\trait\style-trait\icon-style-trait.php on line 21
[15-Sep-2026 05:23:06 UTC] PHP Parse error:  syntax error, unexpected token "<", expecting "]" in C:\laragon\www\mindu\wp-content\plugins\mindu-core\inc\trait\style-trait\icon-style-trait.php on line 21
[15-Sep-2026 05:23:09 UTC] PHP Parse error:  syntax error, unexpected token "<", expecting "]" in C:\laragon\www\mindu\wp-content\plugins\mindu-core\inc\trait\style-trait\icon-style-trait.php on line 21
[15-Sep-2026 05:23:13 UTC] PHP Parse error:  syntax error, unexpected token "<", expecting "]" in C:\laragon\www\mindu\wp-content\plugins\mindu-core\inc\trait\style-trait\icon-style-trait.php on line 21
[15-Sep-2026 05:23:16 UTC] PHP Parse error:  syntax error, unexpected token "<", expecting "]" in C:\laragon\www\mindu\wp-content\plugins\mindu-core\inc\trait\style-trait\icon-style-trait.php on line 21
[15-Sep-2026 05:23:18 UTC] PHP Parse error:  syntax error, unexpected token "<", expecting "]" in C:\laragon\www\mindu\wp-content\plugins\mindu-core\inc\trait\style-trait\icon-style-trait.php on line 21
[15-Sep-2026 05:23:19 UTC] PHP Parse error:  syntax error, unexpected token "<", expecting "]" in C:\laragon\www\mindu\wp-content\plugins\mindu-core\inc\trait\style-trait\icon-style-trait.php on line 21
[15-Sep-2026 05:23:20 UTC] PHP Parse error:  syntax error, unexpected token "<", expecting "]" in C:\laragon\www\mindu\wp-content\plugins\mindu-core\inc\trait\style-trait\icon-style-trait.php on line 21
[15-Sep-2026 05:23:20 UTC] PHP Parse error:  syntax error, unexpected token "<", expecting "]" in C:\laragon\www\mindu\wp-content\plugins\mindu-core\inc\trait\style-trait\icon-style-trait.php on line 21
[15-Sep-2026 05:23:21 UTC] PHP Parse error:  syntax error, unexpected token "<", expecting "]" in C:\laragon\www\mindu\wp-content\plugins\mindu-core\inc\trait\style-trait\icon-style-trait.php on line 21
[15-Sep-2026 05:23:26 UTC] PHP Parse error:  syntax error, unexpected token "<", expecting "]" in C:\laragon\www\mindu\wp-content\plugins\mindu-core\inc\trait\style-trait\icon-style-trait.php on line 21
[15-Sep-2026 05:23:26 UTC] PHP Parse error:  syntax error, unexpected token "<", expecting "]" in C:\laragon\www\mindu\wp-content\plugins\mindu-core\inc\trait\style-trait\icon-style-trait.php on line 21
[15-Sep-2026 05:23:26 UTC] PHP Parse error:  syntax error, unexpected token "<", expecting "]" in C:\laragon\www\mindu\wp-content\plugins\mindu-core\inc\trait\style-trait\icon-style-trait.php on line 21
[15-Sep-2026 05:23:27 UTC] PHP Parse error:  syntax error, unexpected token "<", expecting "]" in C:\laragon\www\mindu\wp-content\plugins\mindu-core\inc\trait\style-trait\icon-style-trait.php on line 21
[15-Sep-2026 05:23:27 UTC] PHP Parse error:  syntax error, unexpected token "<", expecting "]" in C:\laragon\www\mindu\wp-content\plugins\mindu-core\inc\trait\style-trait\icon-style-trait.php on line 21
[15-Sep-2026 05:23:28 UTC] PHP Parse error:  syntax error, unexpected token "<", expecting "]" in C:\laragon\www\mindu\wp-content\plugins\mindu-core\inc\trait\style-trait\icon-style-trait.php on line 21
[15-Sep-2026 05:23:30 UTC] PHP Parse error:  syntax error, unexpected token "<", expecting "]" in C:\laragon\www\mindu\wp-content\plugins\mindu-core\inc\trait\style-trait\icon-style-trait.php on line 21
[15-Sep-2026 05:23:30 UTC] PHP Parse error:  syntax error, unexpected token "<", expecting "]" in C:\laragon\www\mindu\wp-content\plugins\mindu-core\inc\trait\style-trait\icon-style-trait.php on line 21
[15-Sep-2026 05:23:34 UTC] PHP Parse error:  syntax error, unexpected token "<", expecting "]" in C:\laragon\www\mindu\wp-content\plugins\mindu-core\inc\trait\style-trait\icon-style-trait.php on line 21
[15-Sep-2026 05:23:36 UTC] PHP Parse error:  syntax error, unexpected token "<", expecting "]" in C:\laragon\www\mindu\wp-content\plugins\mindu-core\inc\trait\style-trait\icon-style-trait.php on line 21
[15-Sep-2026 05:23:37 UTC] PHP Parse error:  syntax error, unexpected token "<", expecting "]" in C:\laragon\www\mindu\wp-content\plugins\mindu-core\inc\trait\style-trait\icon-style-trait.php on line 21
[15-Sep-2026 05:23:52 UTC] PHP Parse error:  syntax error, unexpected token "<", expecting "]" in C:\laragon\www\mindu\wp-content\plugins\mindu-core\inc\trait\style-trait\icon-style-trait.php on line 21
[15-Sep-2026 05:48:54 UTC] PHP Fatal error:  Out of memory (allocated 81788928) (tried to allocate 32768 bytes) in C:\laragon\www\mindu\wp-content\plugins\elementor\modules\floating-buttons\base\widget-contact-button-base.php on line 2085
[15-Sep-2026 05:50:29 UTC] Automatic updates starting...
[15-Sep-2026 05:50:30 UTC]   Automatic plugin updates starting...
[15-Sep-2026 05:50:30 UTC]   Automatic plugin updates complete.
[15-Sep-2026 05:50:31 UTC]   Automatic theme updates starting...
[15-Sep-2026 05:50:31 UTC]   Automatic theme updates complete.
[15-Sep-2026 05:50:31 UTC] Automatic updates complete.
[15-Sep-2026 06:02:05 UTC] PHP Warning:  Undefined array key "title_url" in C:\laragon\www\mindu\wp-content\plugins\mindu-core\widgets\image-box.php on line 166
[15-Sep-2026 06:02:05 UTC] PHP Deprecated:  ltrim(): Passing null to parameter #1 ($string) of type string is deprecated in C:\laragon\www\mindu\wp-includes\formatting.php on line 4558
[15-Sep-2026 06:02:05 UTC] PHP Warning:  Undefined array key "title_url" in C:\laragon\www\mindu\wp-content\plugins\mindu-core\widgets\image-box.php on line 166
[15-Sep-2026 06:02:05 UTC] PHP Deprecated:  ltrim(): Passing null to parameter #1 ($string) of type string is deprecated in C:\laragon\www\mindu\wp-includes\formatting.php on line 4558
[15-Sep-2026 12:01:23 UTC] PHP Warning:  Undefined array key "title_url" in C:\laragon\www\mindu\wp-content\plugins\mindu-core\widgets\image-box.php on line 166
[15-Sep-2026 12:01:23 UTC] PHP Deprecated:  ltrim(): Passing null to parameter #1 ($string) of type string is deprecated in C:\laragon\www\mindu\wp-includes\formatting.php on line 4558
[15-Sep-2026 12:01:23 UTC] PHP Warning:  Undefined array key "title_url" in C:\laragon\www\mindu\wp-content\plugins\mindu-core\widgets\image-box.php on line 166
[15-Sep-2026 12:01:23 UTC] PHP Deprecated:  ltrim(): Passing null to parameter #1 ($string) of type string is deprecated in C:\laragon\www\mindu\wp-includes\formatting.php on line 4558
[15-Sep-2026 12:07:43 UTC] PHP Warning:  Undefined array key "title_url" in C:\laragon\www\mindu\wp-content\plugins\mindu-core\widgets\image-box.php on line 166
[15-Sep-2026 12:07:43 UTC] PHP Deprecated:  ltrim(): Passing null to parameter #1 ($string) of type string is deprecated in C:\laragon\www\mindu\wp-includes\formatting.php on line 4558
[15-Sep-2026 12:07:43 UTC] PHP Warning:  Undefined array key "title_url" in C:\laragon\www\mindu\wp-content\plugins\mindu-core\widgets\image-box.php on line 166
[15-Sep-2026 12:07:43 UTC] PHP Deprecated:  ltrim(): Passing null to parameter #1 ($string) of type string is deprecated in C:\laragon\www\mindu\wp-includes\formatting.php on line 4558
[15-Sep-2026 12:41:08 UTC] PHP Warning:  Undefined array key "title_url" in C:\laragon\www\mindu\wp-content\plugins\mindu-core\widgets\image-box.php on line 166
[15-Sep-2026 12:41:08 UTC] PHP Deprecated:  ltrim(): Passing null to parameter #1 ($string) of type string is deprecated in C:\laragon\www\mindu\wp-includes\formatting.php on line 4558
[15-Sep-2026 12:41:08 UTC] PHP Warning:  Undefined array key "title_url" in C:\laragon\www\mindu\wp-content\plugins\mindu-core\widgets\image-box.php on line 166
[15-Sep-2026 12:41:08 UTC] PHP Deprecated:  ltrim(): Passing null to parameter #1 ($string) of type string is deprecated in C:\laragon\www\mindu\wp-includes\formatting.php on line 4558
[16-Sep-2026 03:23:13 UTC] Automatic updates starting...
[16-Sep-2026 03:23:14 UTC]   Automatic plugin updates starting...
[16-Sep-2026 03:23:14 UTC]   Automatic plugin updates complete.
[16-Sep-2026 03:23:15 UTC]   Automatic theme updates starting...
[16-Sep-2026 03:23:15 UTC]   Automatic theme updates complete.
[16-Sep-2026 03:23:15 UTC] Automatic updates complete.
[16-Sep-2026 03:23:37 UTC] PHP Warning:  Undefined array key "title_url" in C:\laragon\www\mindu\wp-content\plugins\mindu-core\widgets\image-box.php on line 166
[16-Sep-2026 03:23:37 UTC] PHP Deprecated:  ltrim(): Passing null to parameter #1 ($string) of type string is deprecated in C:\laragon\www\mindu\wp-includes\formatting.php on line 4558
[16-Sep-2026 03:23:37 UTC] PHP Warning:  Undefined array key "title_url" in C:\laragon\www\mindu\wp-content\plugins\mindu-core\widgets\image-box.php on line 166
[16-Sep-2026 03:23:37 UTC] PHP Deprecated:  ltrim(): Passing null to parameter #1 ($string) of type string is deprecated in C:\laragon\www\mindu\wp-includes\formatting.php on line 4558
[16-Sep-2026 05:50:33 UTC] Automatic updates starting...
[16-Sep-2026 05:50:34 UTC]   Automatic plugin updates starting...
[16-Sep-2026 05:50:34 UTC]   Automatic plugin updates complete.
[16-Sep-2026 05:50:34 UTC]   Automatic theme updates starting...
[16-Sep-2026 05:50:34 UTC]   Automatic theme updates complete.
[16-Sep-2026 05:50:34 UTC] Automatic updates complete.
[16-Sep-2026 09:58:43 UTC] PHP Notice:  Function WP_Scripts::localize was called <strong>incorrectly</strong>. The <code>$l10n</code> parameter must be an array. To pass arbitrary data to scripts, use the <code>wp_add_inline_script()</code> function instead. Please see <a href="https://developer.wordpress.org/advanced-administration/debug/debug-wordpress/">Debugging in WordPress</a> for more information. (This message was added in version 5.7.0.) in C:\laragon\www\mindu\wp-includes\functions.php on line 6260
[17-Sep-2026 03:26:31 UTC] Automatic updates starting...
[17-Sep-2026 03:26:32 UTC]   Automatic plugin updates starting...
[17-Sep-2026 03:26:32 UTC]   Automatic plugin updates complete.
[17-Sep-2026 03:26:33 UTC]   Automatic theme updates starting...
[17-Sep-2026 03:26:33 UTC]   Automatic theme updates complete.
[17-Sep-2026 03:26:33 UTC] Automatic updates complete.
[17-Sep-2026 04:27:08 UTC] PHP Warning:  Undefined array key "title_url" in C:\laragon\www\mindu\wp-content\plugins\mindu-core\widgets\image-box.php on line 166
[17-Sep-2026 04:27:08 UTC] PHP Deprecated:  ltrim(): Passing null to parameter #1 ($string) of type string is deprecated in C:\laragon\www\mindu\wp-includes\formatting.php on line 4558
[17-Sep-2026 04:27:08 UTC] PHP Warning:  Undefined array key "title_url" in C:\laragon\www\mindu\wp-content\plugins\mindu-core\widgets\image-box.php on line 166
[17-Sep-2026 04:27:08 UTC] PHP Deprecated:  ltrim(): Passing null to parameter #1 ($string) of type string is deprecated in C:\laragon\www\mindu\wp-includes\formatting.php on line 4558
[17-Sep-2026 04:27:17 UTC] PHP Warning:  Undefined array key "title_url" in C:\laragon\www\mindu\wp-content\plugins\mindu-core\widgets\image-box.php on line 166
[17-Sep-2026 04:27:17 UTC] PHP Deprecated:  ltrim(): Passing null to parameter #1 ($string) of type string is deprecated in C:\laragon\www\mindu\wp-includes\formatting.php on line 4558
[17-Sep-2026 04:27:17 UTC] PHP Warning:  Undefined array key "title_url" in C:\laragon\www\mindu\wp-content\plugins\mindu-core\widgets\image-box.php on line 166
[17-Sep-2026 04:27:17 UTC] PHP Deprecated:  ltrim(): Passing null to parameter #1 ($string) of type string is deprecated in C:\laragon\www\mindu\wp-includes\formatting.php on line 4558
[17-Sep-2026 04:27:37 UTC] PHP Warning:  Undefined array key "title_url" in C:\laragon\www\mindu\wp-content\plugins\mindu-core\widgets\image-box.php on line 166
[17-Sep-2026 04:27:37 UTC] PHP Deprecated:  ltrim(): Passing null to parameter #1 ($string) of type string is deprecated in C:\laragon\www\mindu\wp-includes\formatting.php on line 4558
[17-Sep-2026 04:27:37 UTC] PHP Warning:  Undefined array key "title_url" in C:\laragon\www\mindu\wp-content\plugins\mindu-core\widgets\image-box.php on line 166
[17-Sep-2026 04:27:37 UTC] PHP Deprecated:  ltrim(): Passing null to parameter #1 ($string) of type string is deprecated in C:\laragon\www\mindu\wp-includes\formatting.php on line 4558
[17-Sep-2026 05:14:37 UTC] PHP Warning:  Undefined array key "title_url" in C:\laragon\www\mindu\wp-content\plugins\mindu-core\widgets\image-box.php on line 166
[17-Sep-2026 05:14:37 UTC] PHP Deprecated:  ltrim(): Passing null to parameter #1 ($string) of type string is deprecated in C:\laragon\www\mindu\wp-includes\formatting.php on line 4558
[17-Sep-2026 05:14:37 UTC] PHP Warning:  Undefined array key "title_url" in C:\laragon\www\mindu\wp-content\plugins\mindu-core\widgets\image-box.php on line 166
[17-Sep-2026 05:14:37 UTC] PHP Deprecated:  ltrim(): Passing null to parameter #1 ($string) of type string is deprecated in C:\laragon\www\mindu\wp-includes\formatting.php on line 4558
[17-Sep-2026 05:33:57 UTC] PHP Warning:  Undefined array key "editor_post_id" in C:\laragon\www\mindu\wp-content\plugins\elementor\modules\history\revisions-manager.php on line 363
[17-Sep-2026 05:51:09 UTC] Automatic updates starting...
[17-Sep-2026 05:51:10 UTC]   Automatic plugin updates starting...
[17-Sep-2026 05:51:10 UTC]   Automatic plugin updates complete.
[17-Sep-2026 05:51:11 UTC]   Automatic theme updates starting...
[17-Sep-2026 05:51:11 UTC]   Automatic theme updates complete.
[17-Sep-2026 05:51:11 UTC] Automatic updates complete.
[17-Sep-2026 07:57:17 UTC] PHP Parse error:  syntax error, unexpected token "`" in C:\laragon\www\mindu\wp-content\plugins\mindu-core\widgets\heading.php on line 390
